-- phpMyAdmin SQL Dump
-- version 2.6.1
-- http://www.phpmyadmin.net
-- 
-- Хост: localhost
-- Время создания: Дек 19 2006 г., 01:14
-- Версия сервера: 4.1.16
-- Версия PHP: 4.4.4
-- 
-- БД: `mouse3`
-- 

-- --------------------------------------------------------

-- 
-- Структура таблицы `acl`
-- 

CREATE TABLE `acl` (
  `acl_id` int(10) unsigned NOT NULL auto_increment,
  `object_id` int(10) unsigned NOT NULL default '0',
  `auser_id` int(10) unsigned NOT NULL default '0',
  `rights` int(10) unsigned NOT NULL default '0',
  PRIMARY KEY  (`acl_id`),
  KEY `auser_id` (`auser_id`,`object_id`)
) ENGINE=MyISAM DEFAULT CHARSET=utf8 COLLATE=utf8_bin AUTO_INCREMENT=9 ;

-- 
-- Дамп данных таблицы `acl`
-- 

INSERT INTO `acl` VALUES (8, 8, 2, 143);
INSERT INTO `acl` VALUES (7, 9, 2, 143);

-- --------------------------------------------------------

-- 
-- Структура таблицы `aevent_log`
-- 

CREATE TABLE `aevent_log` (
  `aevent_log_id` int(10) unsigned NOT NULL auto_increment,
  `auser_id` int(10) unsigned NOT NULL default '0',
  `event_type` mediumint(9) NOT NULL default '256',
  `stat` mediumint(9) NOT NULL default '0',
  `dt` datetime NOT NULL default '0000-00-00 00:00:00',
  `content` varchar(255) collate utf8_bin default NULL,
  PRIMARY KEY  (`aevent_log_id`),
  KEY `ix_aevent_log_0` (`auser_id`,`dt`)
) ENGINE=MyISAM DEFAULT CHARSET=utf8 COLLATE=utf8_bin AUTO_INCREMENT=40 ;

-- 
-- Дамп данных таблицы `aevent_log`
-- 

INSERT INTO `aevent_log` VALUES (1, 3, 1, 0, '2006-12-05 12:18:35', 0x3132372e302e302e313a4e554c4c);
INSERT INTO `aevent_log` VALUES (3, 4, 1, 0, '2006-12-07 09:32:52', 0x3132372e302e302e313a4e554c4c);
INSERT INTO `aevent_log` VALUES (4, 4, 1, 0, '2006-12-07 20:32:35', 0x3132372e302e302e313a4e554c4c);
INSERT INTO `aevent_log` VALUES (5, 4, 2, 0, '2006-12-11 12:22:45', 0x3132372e302e302e313a4e554c4c);
INSERT INTO `aevent_log` VALUES (6, 4, 1, 0, '2006-12-11 12:22:57', 0x3132372e302e302e313a4e554c4c);
INSERT INTO `aevent_log` VALUES (7, 4, 2, 0, '2006-12-11 12:23:12', 0x3132372e302e302e313a4e554c4c);
INSERT INTO `aevent_log` VALUES (8, 4, 1, 0, '2006-12-11 12:23:31', 0x3132372e302e302e313a4e554c4c);
INSERT INTO `aevent_log` VALUES (9, 4, 2, 0, '2006-12-11 12:23:49', 0x3132372e302e302e313a4e554c4c);
INSERT INTO `aevent_log` VALUES (10, 4, 1, 0, '2006-12-11 12:27:24', 0x3132372e302e302e313a4e554c4c);
INSERT INTO `aevent_log` VALUES (11, 4, 128, 0, '2006-12-11 16:46:45', 0x3132372e302e302e313a4e554c4c);
INSERT INTO `aevent_log` VALUES (12, 4, 144, 0, '2006-12-11 16:47:17', 0x3132372e302e302e313a4e554c4c2c20707265765f6e616d653a206b6c656e);
INSERT INTO `aevent_log` VALUES (13, 4, 144, 0, '2006-12-11 16:47:33', 0x3132372e302e302e313a4e554c4c2c20707265765f6e616d653a206b6c656e32);
INSERT INTO `aevent_log` VALUES (14, 4, 128, 0, '2006-12-11 16:48:39', 0x3132372e302e302e313a4e554c4c);
INSERT INTO `aevent_log` VALUES (15, 4, 2, 0, '2006-12-11 16:49:39', 0x3132372e302e302e313a4e554c4c);
INSERT INTO `aevent_log` VALUES (16, 4, 1, 0, '2006-12-11 16:51:33', 0x3132372e302e302e313a4e554c4c);
INSERT INTO `aevent_log` VALUES (17, 4, 2, 0, '2006-12-11 16:51:39', 0x3132372e302e302e313a4e554c4c);
INSERT INTO `aevent_log` VALUES (18, 4, 1, 0, '2006-12-11 16:53:18', 0x3132372e302e302e313a4e554c4c);
INSERT INTO `aevent_log` VALUES (19, 4, 2, 0, '2006-12-11 16:54:43', 0x3132372e302e302e313a4e554c4c);
INSERT INTO `aevent_log` VALUES (26, 4, 1, 0, '2006-12-11 17:34:57', 0x3132372e302e302e313a4e554c4c);
INSERT INTO `aevent_log` VALUES (27, 4, 1, 0, '2006-12-12 21:32:05', 0x3132372e302e302e313a4e554c4c);
INSERT INTO `aevent_log` VALUES (28, 4, 2, 0, '2006-12-13 13:11:01', 0x3132372e302e302e313a4e554c4c);
INSERT INTO `aevent_log` VALUES (29, 4, 1, 0, '2006-12-13 13:11:17', 0x3132372e302e302e313a4e554c4c);
INSERT INTO `aevent_log` VALUES (30, 4, 2, 0, '2006-12-13 18:20:08', 0x3132372e302e302e313a4e554c4c);
INSERT INTO `aevent_log` VALUES (31, 4, 1, 0, '2006-12-13 18:21:33', 0x3132372e302e302e313a4e554c4c);
INSERT INTO `aevent_log` VALUES (32, 4, 2, 0, '2006-12-13 18:21:37', 0x3132372e302e302e313a4e554c4c);
INSERT INTO `aevent_log` VALUES (33, 4, 1, 0, '2006-12-13 18:25:30', 0x3132372e302e302e313a4e554c4c);
INSERT INTO `aevent_log` VALUES (34, 4, 2, 0, '2006-12-13 18:26:52', 0x3132372e302e302e313a4e554c4c);
INSERT INTO `aevent_log` VALUES (35, 4, 1, 0, '2006-12-13 18:28:47', 0x3132372e302e302e313a4e554c4c);
INSERT INTO `aevent_log` VALUES (36, 4, 1, 0, '2006-12-18 20:16:03', 0x3132372e302e302e313a4e554c4c);
INSERT INTO `aevent_log` VALUES (37, 4, 2, 0, '2006-12-19 00:07:12', 0x3132372e302e302e313a4e554c4c);
INSERT INTO `aevent_log` VALUES (38, 4, 1, 0, '2006-12-19 00:07:19', 0x3132372e302e302e313a4e554c4c);
INSERT INTO `aevent_log` VALUES (39, 3, 1, 0, '2006-12-19 00:58:07', 0x3132372e302e302e313a4e554c4c);

-- --------------------------------------------------------

-- 
-- Структура таблицы `article`
-- 

CREATE TABLE `article` (
  `article_type_id` int(11) NOT NULL default '0',
  `article_id` int(11) NOT NULL auto_increment,
  `title` varchar(255) collate utf8_bin default NULL,
  `lead` text collate utf8_bin NOT NULL,
  `is_not_empty` tinyint(4) default '0',
  `body` text collate utf8_bin,
  `is_published` tinyint(4) default '0',
  `dt` datetime NOT NULL default '0000-00-00 00:00:00',
  `dt_published` datetime NOT NULL default '0000-00-00 00:00:00',
  `author` varchar(100) collate utf8_bin NOT NULL default '0',
  PRIMARY KEY  (`article_type_id`,`article_id`),
  KEY `ix_m_article_0` (`article_type_id`,`is_published`,`dt_published`,`dt`)
) ENGINE=MyISAM DEFAULT CHARSET=utf8 COLLATE=utf8_bin AUTO_INCREMENT=1 ;

-- 
-- Дамп данных таблицы `article`
-- 

INSERT INTO `article` VALUES (1, 1, 0xd0a2d0b5d181d182d0bed0b2d0b0d18f20d0bdd0bed0b2d0bed181d182d18c, 0x3c703ed09fd0bed18fd0b2d0b8d0bbd0b0d181d18c20d0bfd180d0bed181d182d0b5d0b9d188d0b0d18f20d180d0b0d0b1d0bed182d0b020d181d0be20d181d182d0b0d182d18cd18fd0bcd0b82028d0bdd0bed0b2d0bed181d182d0b82c20d0b0d0bdd0bed0bdd181d18b2c20d0b4d0bed0bad183d0bcd0b5d0bdd182d0b0d186d0b8d18f293c2f703e, 1, 0x3c646976207374796c653d22746578742d616c69676e3a2063656e7465723b20666f6e742d7765696768743a20626f6c643b223e3c666f6e742073697a653d2232223ed09220d0bad0b0d187d0b5d181d182d0b2d0b520d0b2d0b8d0b7d183d0b0d0bbd18cd0bdd0bed0b3d0be20d180d0b5d0b4d0b0d0bad182d0bed180d0b020d182d0b5d0bfd0b5d180d18c20d0b8d181d0bfd0bed0bbd18cd0b7d183d0b5d182d181d18f20535041573c2f666f6e743e3c62722f3e3c62722f3e3c646976207374796c653d22746578742d616c69676e3a206c6566743b206d617267696e2d6c6566743a20343070783b223e3c7370616e207374796c653d22666f6e742d7765696768743a206e6f726d616c3b223ed09dd18320d0bdd0b520d0bfd0bed0b4d180d183d0b6d0b8d0bbd181d18f20d18f20d1812046434b456469746f722c20d0b220d0b8d182d0bed0b3d0b520d0bfd0b5d180d0b5d188d0b5d0bb20d0bdd0b020535041572c20d0bfd0bed0bad0b020d0b1d183d0b4d0b5d0bc20d0b6d0b8d182d18c20d18120d0bdd0b8d0bc2e3c62722f3e3c62722f3ed09020d180d0b0d0b1d0bed182d0b0d0b5d18220d0bbd0b83f3c62722f3e3c62722f3e3c2f7370616e3e3c756c3e3c6c693e3c7370616e207374796c653d22666f6e742d7765696768743a206e6f726d616c3b223ed0b8d0bbd0b820d0bdd0b520d180d0b0d0b1d0bed182d0b0d0b5d1823f3c2f7370616e3e3c62722f3e3c2f6c693e3c2f756c3e3c2f6469763e3c2f6469763e, 1, '2006-12-11 11:40:50', '2006-12-11 11:40:50', 0x6b6c656e);
INSERT INTO `article` VALUES (1, 2, 0xd092d182d0bed180d0b0d18f20d182d0b5d181d182d0bed0b2d0b0d18f20d0bdd0bed0b2d0bed181d182d18c, 0xd090d0bdd0bed0bdd18120d0b2d182d0bed180d0bed0b920d182d0b5d181d182d0bed0b2d0bed0b920d0bdd0bed0b2d0bed181d182d0b8, 0, '', 1, '2006-12-10 23:34:22', '2006-12-10 23:34:22', 0x6b6c656e);

-- --------------------------------------------------------

-- 
-- Структура таблицы `article_type`
-- 

CREATE TABLE `article_type` (
  `article_type_id` int(11) NOT NULL auto_increment,
  `path` varchar(255) collate utf8_bin NOT NULL default '',
  `name` varchar(255) collate utf8_bin NOT NULL default '',
  `rights` int(9) default NULL,
  PRIMARY KEY  (`article_type_id`),
  UNIQUE KEY `path` (`path`)
) ENGINE=MyISAM DEFAULT CHARSET=utf8 COLLATE=utf8_bin AUTO_INCREMENT=3 ;

-- 
-- Дамп данных таблицы `article_type`
-- 

INSERT INTO `article_type` VALUES (1, 0x2f, 0xd09dd0bed0b2d0bed181d182d0b8, 143);
INSERT INTO `article_type` VALUES (2, '', 0xd094d0bed0bad183d0bcd0b5d0bdd182d0b0d186d0b8d18f, 1);

-- --------------------------------------------------------

-- 
-- Структура таблицы `asession`
-- 

CREATE TABLE `asession` (
  `asession_id` int(10) unsigned NOT NULL auto_increment,
  `auser_id` int(10) unsigned NOT NULL default '0',
  `sid` varchar(64) collate utf8_bin NOT NULL default '',
  `auid` varchar(64) collate utf8_bin NOT NULL default '',
  `dt_access` datetime NOT NULL default '0000-00-00 00:00:00',
  `dt_logon` datetime default NULL,
  `dt_logout` datetime default NULL,
  PRIMARY KEY  (`asession_id`),
  KEY `ix_asession_0` (`auser_id`),
  KEY `ix_asession_1` (`auid`,`dt_access`),
  KEY `ix_asession_2` (`dt_access`)
) ENGINE=MyISAM DEFAULT CHARSET=utf8 COLLATE=utf8_bin AUTO_INCREMENT=12 ;

-- 
-- Дамп данных таблицы `asession`
-- 

INSERT INTO `asession` VALUES (4, 0, 0x3132372e302e302e313a4e554c4c3d6531346463346435316261343334366231636535666166343866323362656266, 0x3132372e302e302e313a4e554c4c3d6135633864323564633164363137366132633434353866373235656131656332, '2006-12-07 17:32:25', NULL, NULL);
INSERT INTO `asession` VALUES (3, 4, 0x3132372e302e302e313a4e554c4c3d3965363339383131383534623566363034613865386532306336323762346231, 0x3132372e302e302e313a4e554c4c3d3065653065366335393433353639613334343239653331356437356562623063, '2006-12-18 16:04:14', '2006-12-13 18:28:47', '2006-12-13 18:26:52');
INSERT INTO `asession` VALUES (5, 4, 0x3132372e302e302e313a4e554c4c3d3965613235313035613961623130396133316464303837356632343932626335, 0x3132372e302e302e313a4e554c4c3d3239303937393433346633666531636236646439393166653166323266366530, '2006-12-19 00:48:20', '2006-12-19 00:07:19', '2006-12-19 00:07:12');
INSERT INTO `asession` VALUES (6, 0, 0x3132372e302e302e313a4e554c4c3d3838613339633264343164633662616636336661363961636436363135343131, 0x3132372e302e302e313a4e554c4c3d6363633665323434383865313265373537653231356434353162653034373135, '2006-12-07 21:07:12', NULL, NULL);
INSERT INTO `asession` VALUES (7, 0, 0x3132372e302e302e313a4e554c4c3d3363623365653539376334616164326132646435383165643766623465656338, 0x3132372e302e302e313a4e554c4c3d3761666565353939653131336362383337313431356430303239303631653133, '2006-12-11 10:37:03', NULL, NULL);
INSERT INTO `asession` VALUES (8, 4, 0x3132372e302e302e313a4e554c4c3d3537323333383961626262353863313139636363366465383636323066313062, 0x3132372e302e302e313a4e554c4c3d3437383364643533303134366139633330623438306239656534326361336138, '2006-12-15 21:32:12', '2006-12-12 21:32:05', '2006-12-11 16:54:43');
INSERT INTO `asession` VALUES (9, 0, 0x3132372e302e302e313a4e554c4c3d6233323365333164626339376131353839366630616463643737663937383436, 0x3132372e302e302e313a4e554c4c3d6361643766656332643232366562333362383538386134613530323932343834, '2006-12-14 21:42:58', NULL, NULL);
INSERT INTO `asession` VALUES (10, 4, 0x3132372e302e302e313a4e554c4c3d3265366166393035356666326639396132333364613864353965383135653565, 0x3132372e302e302e313a4e554c4c3d6436356566333037613366393239323334333338363136306439336235666162, '2006-12-18 20:32:36', '2006-12-18 20:16:03', '2006-12-13 18:26:52');
INSERT INTO `asession` VALUES (11, 3, 0x3132372e302e302e313a4e554c4c3d3936616334366431646130306239383962363131363965343466316234393038, 0x3132372e302e302e313a4e554c4c3d3263613336326431643766333839343839373764316463383563636665303764, '2006-12-19 00:58:07', '2006-12-19 00:58:07', NULL);

-- --------------------------------------------------------

-- 
-- Структура таблицы `auser`
-- 

CREATE TABLE `auser` (
  `auser_id` int(10) unsigned NOT NULL auto_increment,
  `auser_type_id` tinyint(3) unsigned NOT NULL default '0',
  `rights` int(10) unsigned NOT NULL default '0',
  `name` varchar(127) collate utf8_bin NOT NULL default '',
  `description` text collate utf8_bin,
  `email` varchar(63) collate utf8_bin NOT NULL default '',
  `passwd` varchar(63) collate utf8_bin NOT NULL default '',
  `new_passwd` varchar(63) collate utf8_bin default NULL,
  `dt_register` datetime NOT NULL default '0000-00-00 00:00:00',
  `dt_logon` datetime default NULL,
  `dt_logout` datetime default NULL,
  `is_published` tinyint(3) unsigned NOT NULL default '1',
  `is_default` tinyint(3) unsigned NOT NULL default '0',
  `connections_limit` tinyint(3) unsigned NOT NULL default '1',
  `event_type` mediumint(8) unsigned NOT NULL default '0',
  PRIMARY KEY  (`auser_id`),
  UNIQUE KEY `auser_type_id` (`auser_type_id`,`name`),
  KEY `ix_auser_0` (`auser_type_id`,`is_published`,`dt_logon`),
  KEY `ix_auser_1` (`dt_register`),
  KEY `ix_auser_2` (`auser_type_id`,`name`,`passwd`),
  KEY `ix_auser_3` (`auser_type_id`,`email`,`name`)
) ENGINE=MyISAM DEFAULT CHARSET=utf8 COLLATE=utf8_bin AUTO_INCREMENT=12 ;

-- 
-- Дамп данных таблицы `auser`
-- 

INSERT INTO `auser` VALUES (1, 2, 143, 0x4f776e6572, 0xd0a1d0bed0b7d0b4d0b0d182d0b5d0bbd18c20d0bed0b1d18ad0b5d0bad182d0b0, 0x6f776e6572, 0x6f6e776e6572, NULL, '2006-05-18 10:39:47', NULL, NULL, 1, 0, 1, 0);
INSERT INTO `auser` VALUES (2, 1, 143, 0x41646d696e73, 0xd093d180d183d0bfd0bfd0b020d0b0d0b4d0bcd0b8d0bdd0b8d181d182d180d0b0d182d0bed180d0bed0b220d181d0b8d181d182d0b5d0bcd18b, 0x67726f7570, 0x67726f7570, NULL, '2006-05-18 10:39:47', NULL, NULL, 1, 0, 1, 0);
INSERT INTO `auser` VALUES (3, 0, 16777215, 0x61646d696e, '', 0x6d697368614064657369676e2e7275, 0x2461707231246e4b6a4c716b586b24535770416d4a6a506e46626d703839704d5035724f2f, NULL, '2006-05-18 10:39:47', '2006-12-19 00:58:07', NULL, 1, 0, 1, 0);
INSERT INTO `auser` VALUES (4, 0, 16777215, 0x6b6c656e, 0xd09ad0bbd0b5d0bdd0bed0b220d09ad0b8d180d0b8d0bbd0bb20d0add0b4d183d0b0d180d0b4d0bed0b2d0b8d1872032, 0x6b6c656e2e636f6d406d61696c2e7275, 0x246170723124572f5478654d654c24716f6a754831743063456342577939596f435668362e, NULL, '2006-05-18 11:05:02', '2006-12-19 00:07:19', '2006-12-19 00:07:12', 1, 0, 1, 147);
INSERT INTO `auser` VALUES (11, 0, 1, 0x7465737432, 0xd0a2d0b5d181d182d0bed0b2d18bd0b920d0bfd0bed0bbd18cd0b7d0bed0b2d0b0d182d0b5d0bbd18c, 0x7465737440746573742e7275, '', NULL, '2006-11-08 00:31:52', NULL, NULL, 1, 0, 1, 0);
INSERT INTO `auser` VALUES (5, 0, 143, 0xd09cd183d0b7d0b020d092d0bbd0b0d0b4d0b8d0bcd0b8d180d0bed0b2d0bdd0b0, 0xd0a1d0b8d180d0bed182d0b0, 0x6d757361406d61696c2e7275, 0x2461707231244a664f3669466e3824543352656f785a5a4b57777a314a467832503732512e, NULL, '2006-10-15 12:04:48', '2006-10-15 12:30:40', NULL, 1, 0, 1, 147);
INSERT INTO `auser` VALUES (10, 1, 1, 0x54657374657273, 0xd093d180d183d0bfd0bfd0b020d182d0b5d181d182d0bed0b2d18bd18520d0bfd0bed0bbd18cd0b7d0bed0b2d0b0d182d0b5d0bbd0b5d0b9, 0x67726f7570, '', NULL, '2006-11-08 00:14:38', NULL, NULL, 1, 0, 1, 0);

-- --------------------------------------------------------

-- 
-- Структура таблицы `auser_to_auser`
-- 

CREATE TABLE `auser_to_auser` (
  `auser_id` int(10) unsigned NOT NULL default '0',
  `parent_id` int(10) unsigned NOT NULL default '0',
  `rights` int(10) unsigned NOT NULL default '0',
  UNIQUE KEY `ix_auser_to_auser_0` (`auser_id`,`parent_id`)
) ENGINE=MyISAM DEFAULT CHARSET=utf8 COLLATE=utf8_bin;

-- 
-- Дамп данных таблицы `auser_to_auser`
-- 

INSERT INTO `auser_to_auser` VALUES (3, 2, 0);
INSERT INTO `auser_to_auser` VALUES (5, 2, 0);
INSERT INTO `auser_to_auser` VALUES (4, 2, 0);
INSERT INTO `auser_to_auser` VALUES (11, 10, 0);
INSERT INTO `auser_to_auser` VALUES (12, 13, 0);

-- --------------------------------------------------------

-- 
-- Структура таблицы `block`
-- 

CREATE TABLE `block` (
  `block_id` int(11) NOT NULL auto_increment,
  `data_process_id` tinyint(4) NOT NULL default '0',
  `name` varchar(40) collate utf8_bin NOT NULL default '',
  `data_type_id` tinyint(4) NOT NULL default '0',
  `is_not_empty` char(1) collate utf8_bin NOT NULL default '0',
  `is_published` char(1) collate utf8_bin NOT NULL default '0',
  `is_hide_published` char(1) collate utf8_bin default '0',
  `is_shared` char(1) collate utf8_bin NOT NULL default '0',
  `is_parsed_manual` char(1) collate utf8_bin NOT NULL default '0',
  `dt_update` date NOT NULL default '0000-00-00',
  `attr` text collate utf8_bin,
  `description` varchar(255) collate utf8_bin default NULL,
  `data` text collate utf8_bin,
  PRIMARY KEY  (`block_id`)
) ENGINE=MyISAM DEFAULT CHARSET=utf8 COLLATE=utf8_bin PACK_KEYS=0 AUTO_INCREMENT=229 ;

-- 
-- Дамп данных таблицы `block`
-- 

INSERT INTO `block` VALUES (1, 0, 0xd091d18dd0b9d0b4d0b6d0b8d0bad0b8, 4, 0x31, 0x31, 0x30, 0x31, 0x30, '2006-10-22', 0x5374796c655b305d, 0xd091d0bbd0bed0ba20d0bad0bdd0bed0bfd0bed0ba, 0x3c6261646765733e0d0a3c62722f3e3c62722f3e0d0a202020203c6c6920636c6173733d22627574746f6e73223e3c6120687265663d22687474703a2f2f7777772e72752e656f6d792e6e65742f223e3c696d67207372633d22687474703a2f2f7777772e72752e656f6d792e6e65742f656f6d792e6e65742e6769662220626f726465723d22302220616c743d22454f4d592e4e4554222f3e3c2f613e3c2f6c693e0d0a202020203c6c6920636c6173733d22627574746f6e73223e3c6120687265663d22687474703a2f2f6b6c656e2e7a6f78742e6e65742f223e3c696d67207372633d222f696d616765732f6d6f7573655f38307831352e6a70672220626f726465723d22302220616c743d22506f7765726564206279204d6f75736520434d53222f3e3c2f613e3c2f6c693e0d0a202020203c6c6920636c6173733d22627574746f6e73223e3c6120687265663d22687474703a2f2f7777772e7061727365722e72752f223e3c696d67207372633d222f696d616765732f6261646765732f7061727365722e6769662220626f726465723d22302220616c743d22506f776572656420627920506172736572222f3e3c2f613e3c2f6c693e0d0a202020203c6c6920636c6173733d22627574746f6e73223e3c6120687265663d22687474703a2f2f7777772e6170616368652e6f72672f223e3c696d67207372633d222f696d616765732f6261646765732f6170616368652e706e672220626f726465723d22302220616c743d22506f776572656420627920417061636865222f3e3c2f613e3c2f6c693e0d0a202020203c6c6920636c6173733d22627574746f6e73223e3c6120687265663d22687474703a2f2f7777772e6d7973716c2e6f72672f223e3c696d67207372633d222f696d616765732f6261646765732f6d7973716c2e706e672220626f726465723d22302220616c743d22506f7765726564206279204d7953514c222f3e3c2f613e3c2f6c693e0d0a3c2f6261646765733e);
INSERT INTO `block` VALUES (2, 0, 0xd09bd0b5d0b2d0bed0b520d0bcd0b5d0bdd18e, 3, 0x31, 0x31, 0x30, 0x31, 0x30, '2006-10-20', 0x5374796c655b305d, 0xd09bd0b5d0b2d0bed0b520d0b8d0bbd0b820d0bfd180d0b0d0b2d0bed0b520d0bcd0b5d0bdd18e20d181d0b0d0b9d182d0b02c20d184d0b0d0bad182d0b8d187d0b5d181d0bad0b820d0bad0b0d180d182d0b0, 0x3c626c6f636b5f636f6e74656e743e0d0a3c68323ed09cd0b5d0bdd18e3c2f68323e0d0a3c736964656d656e752f3e0d0a3c2f626c6f636b5f636f6e74656e743e);
INSERT INTO `block` VALUES (3, 0, 0xd093d0bbd0bed0b1d0b0d0bbd18cd0bdd18bd0b9206a73, 1, 0x31, 0x31, 0x30, 0x30, 0x30, '2006-12-11', 0x5374796c655b305d, 0xd0b1d0bbd0bed0ba20d0bfd0bed0b4d0bad0bbd18ed187d0b0d0b5d182206a61766120d181d0bad180d0b8d0bfd182d18b20d181d0b0d0b9d182d0b0, 0x3c6a7320736f757263653d222f6a732f6a712f6a712e6a73222f3e0d0a3c63737320736f757263653d222f7468656d65732f6d6f7573652f6373732f6d6f64756c65732e637373222f3e);
INSERT INTO `block` VALUES (4, 1, 0xd092d185d0bed0b42c20d0b2d18bd185d0bed0b420d0bfd0bed0bbd18cd0b7d0bed0b2d0b0d182d0b5d0bbd18f, 5, 0x31, 0x31, 0x30, 0x30, 0x30, '2006-12-13', '', 0xd098d0bdd184d0bed180d0bcd0b0d186d0b8d18f20d0be20d0b7d0b0d0bbd0bed0b3d0b8d0bdd0b5d0bdd0bdd0bed0bc20d0bfd0bed0bbd18cd0b7d0bed0b2d0b0d182d0b5d0bbd0b52c20d0b2d18bd0b2d0bed0b420d0bbd0bed0b3d0b8d0bdd0b0, 0x3c6e616d653ed09fd0bed0bbd18cd0b7d0bed0b2d0b0d182d0b5d0bbd18c3c2f6e616d653e);
INSERT INTO `block` VALUES (5, 0, 0xd09ad0bed0bdd182d180d0bed0bbd18cd0bdd0b0d18f20d0bfd0b0d0bdd0b5d0bbd18c, 3, 0x31, 0x31, '', 0x30, 0x30, '2006-12-13', 0x5374796c655b305d43616368655b3330305d, 0xd09fd0b0d0bdd0b5d0bbd18c20d183d0bfd180d0b0d0b2d0bbd0b5d0bdd0b8d18f, 0x3c626c6f636b5f636f6e74656e743e0a3c627574746f6e733e0a3c627574746f6e20696d6167653d2232345f786d6c2e67696622206e616d653d22786d6c2220616c743d22d092d18bd0b2d0b5d181d182d0b820786d6c20d181d182d180d0b0d0bdd0b8d186d18b22206f6e436c69636b3d2277696e646f772e6f70656e28277b2473797374656d2f7061727365722f726571756573742f7572697d3f6d6f64653d786d6c272c2027786d6c272922202f3e0a3c627574746f6e20696d6167653d2232345f64656275672e67696622206e616d653d2264656275672220616c743d22d0a0d0b5d0b6d0b8d0bc20d0bed182d0bbd0b0d0b4d0bad0b820d181d182d180d0b0d0bdd0b8d186d18b22206f6e436c69636b3d2277696e646f772e6f70656e28277b2473797374656d2f7061727365722f726571756573742f7572697d3f6d6f64653d6465627567272c20276465627567272922202f3e0a3c627574746f6e20696d6167653d2232345f6e6f63616368652e67696622206e616d653d226e6f63616368652220616c743d22d092d18bd0b2d0b5d181d182d0b820d0b1d0b5d0b720d0bad18dd188d0b022206f6e436c69636b3d2277696e646f772e6f70656e28277b2473797374656d2f7061727365722f726571756573742f7572697d3f6d6f64653d6e6f6361636865272c20276e6f6361636865272922202f3e0a3c627574746f6e20696d6167653d2232345f6e6364656275672e67696622206e616d653d226e6364656275672220616c743d22d09ed182d0bbd0b0d0b4d0bad0b020d0b1d0b5d0b720d0bad18dd188d0b022206f6e436c69636b3d2277696e646f772e6f70656e28277b2473797374656d2f7061727365722f726571756573742f7572697d3f6d6f64653d6e636465627567272c20276e6f6361636865272922202f3e0a3c2f627574746f6e733e0a3c2f626c6f636b5f636f6e74656e743e);
INSERT INTO `block` VALUES (6, 0, 0xd0bdd183d0b6d0b5d0bd20d0bbd0b820d18f20d0bdd0b020d0b3d0bbd0b0d0b2d0bdd0bed0b93720d18f20d0bfd180d18fd187d18320d0bbd0bed0b0d0b4d0b8d0bdd0b3, 9, 0x30, 0x31, 0x30, 0x30, 0x30, '2006-11-05', 0x5374796c655b305d, 0xd09fd0bed0b4d0b3d180d183d0b7d0bad0b0206a61766120d181d0bad180d0b8d0bfd182d0bed0b2, 0x3c6a735f686561643e202428646f63756d656e74292e72656164792866756e6374696f6e2829207b20242827236c6f6164696e67416a617827292e6869646528293b207d293b203c2f6a735f686561643e);
INSERT INTO `block` VALUES (7, 2, 0xd0a1d182d0b0d182d18cd0b8, 7, 0x31, 0x31, 0x30, 0x30, 0x30, '2006-12-11', 0x5374796c655b305d, 0xd0a3d0bfd180d0b0d0b2d0bbd0b5d0bdd0b8d0b520d181d182d0b0d182d18cd18fd0bcd0b82c20d0bdd0bed0b2d0bed181d182d0b82c20d0b0d0bdd0bed0bdd181d0b0d0bcd0b820d0b820d182d0bf2e, '');
INSERT INTO `block` VALUES (8, 3, 0xd090d184d0bed180d0b8d0b7d0bc, 7, 0x30, 0x31, 0x30, 0x31, 0x30, '2006-10-17', 0x5374796c655b305d, 0xd092d18bd0b2d0bed0b4d0b8d18220d181d0bbd183d187d0b0d0b9d0bdd18bd0b920d0b0d184d0bed180d0b8d0b7d0bc, '');
INSERT INTO `block` VALUES (9, 4, 0xd09ad0b0d0bbd0b5d0bdd0b4d0b0d180d18c20d181d182d0b0d182d0b5d0b9, 7, 0x31, 0x31, 0x30, 0x31, 0x30, '2006-10-20', '', 0xd092d18bd0b2d0bed0b4d0b8d18220d0bad0b0d0bbd0b5d0bdd0b4d0b0d180d18c20d0bdd0bed0b2d0bed181d182d0b5d0b92c20d181d182d0b0d182d0b5d0b920d0b820d182d0bf2e, 0x3c6e616d653ed09ad0b0d0bbd0b5d0bdd0b4d0b0d180d18c3c2f6e616d653e);
INSERT INTO `block` VALUES (10, 0, 0xd09ad0b0d180d182d0b020d181d0b0d0b9d182d0b0, 3, 0x31, 0x31, 0x30, 0x31, 0x30, '2006-11-15', 0x20, 0xd09ad0b0d180d182d0b020d181d0b0d0b9d182d0b0, 0x3c626c6f636b5f636f6e74656e743e3c6d61703e3c2f6d61703e3c2f626c6f636b5f636f6e74656e743e2020);
INSERT INTO `block` VALUES (11, 0, 0xd092d0b5d180d185d0bdd0b5d0b520d0bcd0b5d0bdd18e, 3, 0x31, 0x31, 0x30, 0x31, 0x30, '2006-10-17', 0x5374796c655b305d, 0xd092d18bd0b2d0bed0b4d0b8d18220d0bed181d0bdd0bed0b2d0bdd0bed0b520d0bcd0b5d0bdd18e, 0x3c6d656e753e3c2f6d656e753e0d0a0d0a);
INSERT INTO `block` VALUES (12, 5, 0xd0a0d0b5d0b3d0b8d181d182d180d0b0d186d0b8d18f2c20d0b8d0b7d0bcd0b5d0bdd0b5d0bdd0b8d0b520d0bfd0b0d180d0b0d0bcd0b5d182d180d0bed0b2, 0, 0x31, 0x31, '', 0x30, 0x30, '2006-12-11', '', 0xd0a0d0b5d0b3d0b8d181d182d180d0b0d186d0b8d18f20d0b820d0b8d0b7d0bcd0b5d0bdd0b5d0bdd0b8d0b520d0bbd0b8d187d0bdd18bd18520d0b4d0b0d0bdd0bdd18bd18520d0bfd0bed0bbd18cd0b7d0bed0b2d0b0d182d0b5d0bbd0b5d0b9, 0x3c666f726d206d6574686f643d22706f73742220616374696f6e3d2222206e616d653d22666f726d5f636f6e74656e74222069643d22666f726d5f636f6e74656e742220656e63747970653d226d756c7469706172742f666f726d2d6461746122206c6162656c3d224d4f55534520434d53207c20d0a0d0b5d0b3d0b8d181d182d180d0b0d186d0b8d18f202f20d098d0b7d0bcd0b5d0bdd0b5d0bdd0b8d0b520d0bfd0b0d180d0b0d0bcd0b5d182d180d0bed0b220223e0d0a3c6669656c6420747970653d227465787422206e616d653d22617574682e6e616d6522206c6162656c3d22d09bd0bed0b3d0b8d0bd22206465736372697074696f6e3d22d09bd0bed0b3d0b8d0bd20d0b4d0bbd18f20d0b2d185d0bed0b4d0b020d0b220d181d0b8d181d182d0b5d0bcd1832220636c6173733d226d656469756d223e3c73797374656d3a76616c7565206e616d653d226175746822206b65793d227573657222206669656c643d226e616d65222f3e3c2f6669656c643e0d0a3c6669656c6420747970653d227465787422206e616d653d22617574682e70617373776422206c6162656c3d22d09fd0b0d180d0bed0bbd18c22206465736372697074696f6e3d22d092d0b2d0bed0b42fd0b8d0b7d0bcd0b5d0bdd0b5d0bdd0b8d0b520d0bfd0b0d180d0bed0bbd18f2220636c6173733d226d656469756d223e3c2f6669656c643e0d0a3c6669656c6420747970653d227465787422206e616d653d22617574682e7061737377645f636f6e6669726d22206c6162656c3d22d09fd0bed0b4d182d0b2d0b5d180d0b6d0b4d0b5d0bdd0b8d0b520d0bfd0b0d180d0bed0bbd18f22206465736372697074696f6e3d22d09fd0bed0b2d182d0bed180d0b8d182d0b520d0b5d181d0bbd0b820d0b2d18b20d0b2d0b2d0bed0b4d0b8d182d0b52fd0b8d0b7d0bcd0b5d0bdd18fd0b5d182d0b520d0bfd0b0d180d0bed0bbd18c2220636c6173733d226d656469756d223e3c2f6669656c643e0d0a3c6669656c6420747970653d227465787422206e616d653d22617574682e656d61696c22206c6162656c3d22452d6d61696c22206465736372697074696f6e3d22d090d0b4d180d0b5d18120d18dd0bbd0b5d0bad182d180d0bed0bdd0bdd0bed0b920d0bfd0bed187d182d18b2220636c6173733d226d656469756d223e3c73797374656d3a76616c7565206e616d653d226175746822206b65793d227573657222206669656c643d22656d61696c222f3e3c2f6669656c643e0d0a3c6669656c6420747970653d22746578746172656122206e616d653d226465736372697074696f6e22206c6162656c3d22d09ed0bfd0b8d181d0b0d0bdd0b8d0b522206465736372697074696f6e3d22d09dd0b5d0bcd0bdd0bed0b3d0be20d0be20d181d0b5d0b1d0b5223e3c73797374656d3a76616c7565206e616d653d226175746822206b65793d227573657222206669656c643d226465736372697074696f6e222f3e3c2f6669656c643e0d0a3c6669656c6420747970653d2268696464656e22206e616d653d227265676973746572222076616c75653d22646f223e646f3c2f6669656c643e0d0a3c6669656c6420747970653d227375626d697422206e616d653d22646f222076616c75653d22d0a1d0bed185d180d0b0d0bdd0b8d182d18c223ed0a1d0bed185d180d0b0d0bdd0b8d182d18c3c2f6669656c643e0d0a3c6669656c6420747970653d22726573657422206e616d653d227265736574222076616c75653d22d09ed187d0b8d181d182d0b8d182d18c223ed09ed187d0b8d181d182d0b8d182d18c3c2f6669656c643e0d0a3c2f666f726d3e);
INSERT INTO `block` VALUES (13, 0, 0xd09ed188d0b8d0b1d0bad0b020d181d0b8d181d182d0b5d0bcd18b, 3, 0x31, 0x31, 0x30, 0x30, 0x30, '2006-11-15', '', 0xd091d0bbd0bed0ba20d0bed0b1d180d0b0d0b1d0b0d182d18bd0b2d0b0d18ed189d0b8d0b920d0b8d0bdd184d0bed180d0bcd0b0d186d0b8d18e20d0bed0b120d0bed188d0b8d0b1d0bad0b0d18520d181d0b8d181d182d0b5d0bcd18b, 0x3c626c6f636b5f636f6e74656e743e0d0a3c68333ed0a2d0b8d0bf20d0bed188d0b8d0b1d0bad0b83a203c2f68333e0d0a3c62722f3e0d0a3c703e200d0a3c73797374656d3a6d6574686f64206e616d653d2273656c656374223e6e616d655b7b2473797374656d2f7061727365722f666f726d2f6572726f727d5d76616c75655b636d732e3430345d747275655bd097d0b0d0bfd180d0b0d188d0b8d0b2d0b0d0b5d0bcd0b0d18f20d0b2d0b0d0bcd0b820d181d182d180d0b0d0bdd0b8d186d0b020277b2473797374656d2f7061727365722f666f726d2f75726c7d2720d0bdd0b5d0b4d0bed181d182d183d0bfd0bdd0b02c20d0bfd0bed0b6d0b0d0bbd183d0b9d181d182d0b020d0b2d0bed181d0bfd0bed0bbd18cd0b7d183d0b9d182d0b5d181d18c20d0bad0b0d180d182d0bed0b920d181d0b0d0b9d182d0b02e5d3c2f73797374656d3a6d6574686f643e0d0a3c73797374656d3a6d6574686f64206e616d653d2273656c656374223e6e616d655b7b2473797374656d2f7061727365722f666f726d2f6572726f727d5d76616c75655b636d732e3430335d747275655bd0a320d0b2d0b0d18120d0bdd0b5d0b4d0bed181d182d0b0d182d0bed187d0bdd0be20d0bfd180d0b0d0b220d0b4d0bbd18f20d0b7d0b0d0bfd180d0b0d188d0b8d0b2d0b0d0b5d0bcd0bed0b3d0be20d0b2d0b0d0bcd0b820d180d0b0d0b7d0b4d0b5d0bbd0b020277b2473797374656d2f7061727365722f666f726d2f75726c7d272c20d0bfd0bed0b6d0b0d0bbd183d0b9d181d182d0b020d0b2d0bed181d0bfd0bed0bbd18cd0b7d183d0b9d182d0b5d181d18c20d0bad0b0d180d182d0bed0b920d181d0b0d0b9d182d0b02e5d3c2f73797374656d3a6d6574686f643e0d0a3c2f703e0d0a3c2f626c6f636b5f636f6e74656e743e);
INSERT INTO `block` VALUES (14, 0, 0xd090d0b4d0bcd0b8d0bd3ad0b4d0b5d180d0b5d0b2d0be5fd0bed0b1d18ad0b5d0bad182d0bed0b2, 9, 0x31, 0x31, 0x30, 0x30, 0x30, '2006-12-14', 0x5374796c655b305d, 0xd0a3d0bfd180d0b0d0b2d0bbd0b5d0bdd0b8d0b520d0bed0b1d18ad0b5d0bad182d0b0d0bcd0b8, 0x3c626c6f636b5f636f6e74656e743e0d0a3c6a715f6f626a6563743e0d0a3c6272616e6368652069643d223022206e616d653d22d09ad0bed180d0bdd0b5d0b2d0bed0b520d0bfd180d0bed181d182d180d0b0d0bdd181d182d0b2d0be2220706172656e745f69643d223022207468726561645f69643d2230222066756c6c5f706174683d22223e0d0a3c73797374656d3a6d6574686f64206e616d653d2274726565223e686173685f6e616d655b684f626a656374547265655d7468726561645f69645b305d3c2f73797374656d3a6d6574686f643e0d0a3c2f6272616e6368653e0d0a3c2f6a715f6f626a6563743e0d0a3c2f626c6f636b5f636f6e74656e743e0d0a);
INSERT INTO `block` VALUES (15, 0, 0xd090d0b4d0bcd0b8d0bd3a6a6176612dd181d0bad180d0b8d0bfd182d18b, 9, 0x31, 0x31, 0x30, 0x30, 0x30, '2006-12-15', 0x5374796c655b305d, '', 0x3c6a7320736f757263653d222f7468656d65732f6d6f7573652f6a732f7461626c652e6a7322202f3e0d0a3c6a7320736f757263653d222f7468656d65732f6d6f7573652f6a732f746162732e6a73222f3e0d0a3c6a7320736f757263653d222f7468656d65732f6d6f7573652f6a732f61646d696e2e6a7322202f3e0d0a3c6a735f686561643e0d0a2428646f63756d656e74292e72656164792866756e6374696f6e28297b24282223636f6e7461696e657222292e6c6f616428272f6d632f61646d696e2f3f747970653d6f626a65637427297d292e616a61785374617274282066756e6374696f6e202829207b242827236c6f6164696e67416a617827292e73686f7728297d292e616a617853746f70282066756e6374696f6e202829207b242827236c6f6164696e67416a617827292e6869646528297d290d0a3c2f6a735f686561643e0d0a3c63737320736f757263653d222f7468656d65732f6d6f7573652f6373732f7461626c652d6275696c6465722e637373222f3e0d0a3c63737320736f757263653d222f7468656d65732f6d6f7573652f6373732f666f726d2d6275696c6465722e637373222f3e0d0a3c626c6f636b5f636f6e74656e743e0d0a3c6469762069643d226c6f6164696e67416a6178223e3c6c693e3c696d67207372633d222f696d616765732f6c6f6164696e672e676966222f3e20d0b7d0b0d0b3d180d183d0b7d0bad0b0203c2f6c693e3c2f6469763e0d0a3c2f626c6f636b5f636f6e74656e743e);
INSERT INTO `block` VALUES (16, 6, 0xd090d0b4d0bcd0b8d0bdd0bad0b0, 1, 0x30, 0x31, 0x30, 0x30, 0x30, '2006-12-13', '', 0xd0a2d0b5d181d182d0bed0b2d18bd0b920d0b1d0bbd0bed0ba20d0b4d0bbd18f20d0bed182d0bbd0b0d0b4d0bad0b820d0bad0bed0b4d0b0, '');
INSERT INTO `block` VALUES (17, 9, 0xd0a4d0bed180d183d0bc, 8, 0x30, 0x31, 0x30, 0x30, 0x30, '2006-12-18', '', 0xd092d18bd0b2d0bed0b420d0b4d0b5d180d0b5d0b2d0b020d0b820d181d0bed0bed0b1d189d0b5d0bdd0b8d0b920d184d0bed180d183d0bcd0b0, '');

-- --------------------------------------------------------

-- 
-- Структура таблицы `block_template`
-- 

CREATE TABLE `block_template` (
  `m_block_template_id` int(11) NOT NULL auto_increment,
  `sort_order` tinyint(4) NOT NULL default '0',
  `data_type_id` tinyint(4) NOT NULL default '0',
  `data_process_id` tinyint(4) NOT NULL default '0',
  `is_published` char(1) collate utf8_bin NOT NULL default '',
  `is_hide_published` char(1) collate utf8_bin NOT NULL default '',
  `is_parsed_manual` char(1) collate utf8_bin NOT NULL default '',
  `name` varchar(255) collate utf8_bin NOT NULL default '',
  `description` text collate utf8_bin NOT NULL,
  `body` text collate utf8_bin NOT NULL,
  PRIMARY KEY  (`m_block_template_id`)
) ENGINE=MyISAM DEFAULT CHARSET=utf8 COLLATE=utf8_bin AUTO_INCREMENT=1 ;

-- 
-- Дамп данных таблицы `block_template`
-- 


-- --------------------------------------------------------

-- 
-- Структура таблицы `block_to_object`
-- 

CREATE TABLE `block_to_object` (
  `block_to_object_id` int(11) NOT NULL auto_increment,
  `block_id` int(11) NOT NULL default '0',
  `object_id` int(11) NOT NULL default '0',
  `sort_order` int(4) NOT NULL default '1',
  `mode` int(4) NOT NULL default '1',
  PRIMARY KEY  (`block_to_object_id`),
  KEY `ix_object_id` (`object_id`)
) ENGINE=MyISAM DEFAULT CHARSET=utf8 COLLATE=utf8_bin AUTO_INCREMENT=22 ;

-- 
-- Дамп данных таблицы `block_to_object`
-- 

INSERT INTO `block_to_object` VALUES (1, 1, 5, 2, 2);
INSERT INTO `block_to_object` VALUES (2, 2, 5, 1, 2);
INSERT INTO `block_to_object` VALUES (3, 3, 5, 0, 1);
INSERT INTO `block_to_object` VALUES (4, 4, 1, 2, 2);
INSERT INTO `block_to_object` VALUES (5, 5, 1, 5, 1);
INSERT INTO `block_to_object` VALUES (6, 6, 1, 1, 2);
INSERT INTO `block_to_object` VALUES (7, 7, 1, 6, 1);
INSERT INTO `block_to_object` VALUES (8, 8, 1, 3, 1);
INSERT INTO `block_to_object` VALUES (9, 9, 1, 4, 2);
INSERT INTO `block_to_object` VALUES (10, 10, 2, 3, 1);
INSERT INTO `block_to_object` VALUES (11, 11, 5, 0, 1);
INSERT INTO `block_to_object` VALUES (12, 12, 4, 1, 1);
INSERT INTO `block_to_object` VALUES (13, 4, 4, 2, 2);
INSERT INTO `block_to_object` VALUES (14, 13, 3, 1, 1);
INSERT INTO `block_to_object` VALUES (15, 10, 3, 1, 1);
INSERT INTO `block_to_object` VALUES (16, 14, 9, 0, 2);
INSERT INTO `block_to_object` VALUES (17, 15, 9, 0, 1);
INSERT INTO `block_to_object` VALUES (18, 16, 8, 0, 1);
INSERT INTO `block_to_object` VALUES (19, 4, 6, 5, 2);
INSERT INTO `block_to_object` VALUES (20, 17, 6, 1, 1);

-- --------------------------------------------------------

-- 
-- Структура таблицы `data_process`
-- 

CREATE TABLE `data_process` (
  `data_process_id` int(11) NOT NULL auto_increment,
  `sort_order` tinyint(4) NOT NULL default '0',
  `data_process_type_id` tinyint(4) NOT NULL default '0',
  `dt_update` date NOT NULL default '0000-00-00',
  `name` varchar(50) collate utf8_bin NOT NULL default '',
  `filename` varchar(255) collate utf8_bin NOT NULL default '',
  `description` varchar(255) collate utf8_bin NOT NULL default '',
  PRIMARY KEY  (`data_process_id`)
) ENGINE=MyISAM DEFAULT CHARSET=utf8 COLLATE=utf8_bin AUTO_INCREMENT=10 ;

-- 
-- Дамп данных таблицы `data_process`
-- 

INSERT INTO `data_process` VALUES (1, 4, 1, '2006-12-09', 0xd098d0bdd184d0bed180d0bcd0b0d186d0b8d18f20d0be20d0bfd0bed0bbd18cd0b7d0bed0b2d0b0d182d0b5d0bbd0b5, 0x617574685f696e666f2e70, 0xd098d0bdd184d0bed180d0bcd0b0d186d0b8d18f20d0be20d0b7d0b0d0bbd0bed0b3d0b8d0bdd0b5d0bdd0bdd0bed0bc20d0bfd0bed0bbd18cd0b7d0bed0b2d0b0d182d0b5d0bbd0b52c20d0b2d18bd0b2d0bed0b420d0bbd0bed0b3d0b8d0bdd0b0);
INSERT INTO `data_process` VALUES (3, 3, 1, '2006-12-09', 0xd090d184d0bed180d0b8d0b7d0bcd18b, 0x7068796c6f736f7068792e70, 0xd092d18bd0b2d0bed0b4d0b8d18220d181d0bbd183d187d0b0d0b9d0bdd18bd0b920d0b0d184d0bed180d0b8d0b7d0bc);
INSERT INTO `data_process` VALUES (4, 8, 1, '2006-12-12', 0xd09ad0b0d0bbd0b5d0bdd0b4d0b0d180d18c20d181d182d0b0d182d0b5d0b9, 0x63616c656e6461722e70, 0xd092d18bd0b2d0bed0b4d0b8d18220d0bad0b0d0bbd0b5d0bdd0b4d0b0d180d18c20d181d182d0b0d182d0b5d0b920d0b7d0b0d0b4d0b0d0bdd0bdd0bed0b3d0be20d182d0b8d0bfd0b0);
INSERT INTO `data_process` VALUES (2, 7, 1, '2006-12-12', 0xd092d18bd0b2d0bed0b420d181d182d0b0d182d0b5d0b9, 0x61727469636c652e70, 0xd092d18bd0b2d0bed0b4d0b8d18220d0bed0bfd180d0b5d0b4d0b5d0bbd0b5d0bdd0bdd18bd0b520d182d0b8d0bfd18b20d181d182d0b0d182d0b5d0b920d0b220d0b7d0b0d0b2d0b8d181d0b8d0bcd0bed181d182d0b820d0bed18220d0b7d0b0d0b4d0b0d0bdd0bdd0bed0b3d0be20d0bfd183d182d0b8);
INSERT INTO `data_process` VALUES (5, 5, 1, '2006-12-12', 0xd0a0d0b5d0b3d0b8d181d182d180d0b0d186d0b8d18f202f20d098d0b7d0bcd0b5d0bdd0b5d0bdd0b8d0b5, 0x72656769737465722e70, 0xd0a0d0b5d0b3d0b8d181d182d180d0b0d186d0b8d18f20d0bfd0bed0bbd18cd0b7d0bed0b2d0b0d182d0b5d0bbd18f);
INSERT INTO `data_process` VALUES (6, 6, 3, '2006-12-18', 0xd0b0d0b4d0bcd0b8d0bdd0bad0b0, 0x61646d696e2e70, 0xd0bed0b1d180d0b0d0b1d0bed182d187d0b8d0ba20d0b0d0b4d0bcd0b8d0bdd0b0);
INSERT INTO `data_process` VALUES (7, 7, 2, '2006-12-14', 0x56466f726d73, 0x666f726d732e70, 0xd09ed0b1d180d0b0d0b1d0bed182d187d0b8d0ba20d184d0bed180d0bc);
INSERT INTO `data_process` VALUES (8, 9, 2, '2006-12-18', 0xd0a1d0b0d0bcd0bed0b4d0bed0bad183d0bcd0b5d0bdd182d0b8d180d0bed0b2d0bdd0b8d0b5, 0x6175746f646f632e70, 0xd0a1d0b0d0bcd0bed0b4d0bed0bad183d0bcd0b5d0bdd182d0b8d180d0bed0b2d0b0d0bdd0b8d0b520d0bfd0b0d180d181d0b5d180d0bdd0bed0b3d0be20d0bad0bed0b4d0b0);
INSERT INTO `data_process` VALUES (9, 9, 3, '2006-12-18', 0xd0a4d0bed180d183d0bc, 0x666f72756d2e70, 0xd09ed0b1d180d0b0d0b1d0bed182d187d0b8d0ba20d184d0bed180d183d0bcd0b0);

-- --------------------------------------------------------

-- 
-- Структура таблицы `data_process_type`
-- 

CREATE TABLE `data_process_type` (
  `data_process_type_id` int(11) NOT NULL auto_increment,
  `sort_order` int(11) NOT NULL default '0',
  `name` varchar(255) collate utf8_bin NOT NULL default '',
  PRIMARY KEY  (`data_process_type_id`)
) ENGINE=MyISAM DEFAULT CHARSET=utf8 COLLATE=utf8_bin AUTO_INCREMENT=5 ;

-- 
-- Дамп данных таблицы `data_process_type`
-- 

INSERT INTO `data_process_type` VALUES (1, 1, 0xd09dd0b5d0bed0bfd180d0b5d0b4d0b5d0bbd0b5d0bdd0bdd18bd0b920d182d0b8d0bf);
INSERT INTO `data_process_type` VALUES (2, 2, 0xd090d0b4d0bcd0b8d0bdd0bad0b0202d20d0bed0b1d18ad0b5d0bad182d18b);
INSERT INTO `data_process_type` VALUES (3, 3, 0xd090d0b4d0bcd0b8d0bdd0bad0b0202d20d0b1d0bbd0bed0bad0b8);
INSERT INTO `data_process_type` VALUES (4, 4, 0xd090d0b4d0bcd0b8d0bdd0bad0b0202d20d0bed0b1d180d0b0d0b1d0bed182d187d0b8d0bad0b8);

-- --------------------------------------------------------

-- 
-- Структура таблицы `data_type`
-- 

CREATE TABLE `data_type` (
  `data_type_id` int(11) NOT NULL auto_increment,
  `sort_order` tinyint(4) NOT NULL default '0',
  `name` varchar(255) collate utf8_bin NOT NULL default '',
  `description` text collate utf8_bin NOT NULL,
  `update_script` varchar(255) collate utf8_bin NOT NULL default '',
  `edit_script` varchar(255) collate utf8_bin NOT NULL default '',
  PRIMARY KEY  (`data_type_id`)
) ENGINE=MyISAM DEFAULT CHARSET=utf8 COLLATE=utf8_bin AUTO_INCREMENT=10 ;

-- 
-- Дамп данных таблицы `data_type`
-- 

INSERT INTO `data_type` VALUES (1, 0, 0xd09dd0b5d0bed0bfd180d0b5d0b4d0b5d0bbd0b5d0bdd0bdd18bd0b920d182d0b8d0bf, 0xd094d0b0d0bdd0bdd18bd0b520d0bdd0b5d0bed0bfd180d0b5d0b4d0b5d0bbd0b5d0bdd0bdd0bed0b3d0be20d182d0b8d0bfd0b0, '', '');
INSERT INTO `data_type` VALUES (2, 1, 0xd094d0b0d0bdd0bdd18bd0b520584d4c, 0x584d4c20d0b4d0b0d0bdd0bdd18bd0b5, '', '');
INSERT INTO `data_type` VALUES (3, 2, 0xd094d0b0d0bdd0bdd18bd0b52048544d4c, 0xd0a7d0b8d181d182d18bd0b52048544d4c20d0b4d0b0d0bdd0bdd18bd0b5, '', '');
INSERT INTO `data_type` VALUES (5, 4, 0xd09fd0bed0bbd18cd0b7d0bed0b2d0b0d182d0b5d0bbd0b8, 0xd09ad0bed0b420d0bdd0b020506172736572, '', '');
INSERT INTO `data_type` VALUES (7, 6, 0xd0a1d182d0b0d182d18cd0b8, 0xd0a1d182d0b0d182d18cd0b8, '', '');
INSERT INTO `data_type` VALUES (6, 5, 0x53797374656d3a6d6163726f73, 0xd0a1d0b8d181d182d0b5d0bcd0bdd18bd0b520d0bcd0b0d0bad180d0bed181d18b204d6f757365, '', '');
INSERT INTO `data_type` VALUES (8, 9, 0xd0a4d0bed180d183d0bc, 0xd094d0b0d0bdd0bdd18bd0b520d184d0bed180d183d0bcd0b0, '', '');
INSERT INTO `data_type` VALUES (9, 3, 0xd090d0b4d0bcd0b8d0bdd0b8d181d182d180d0b8d180d0bed0b2d0b0d0bdd0b8d0b5, 0xd091d0bbd0bed0bad0b820d0b0d0b4d0bcd0b8d0bdd0b8d181d182d180d0b8d180d0bed0b2d0b0d0bdd0b8d18f20d181d0b8d181d182d0b5d0bcd18b, '', '');

-- --------------------------------------------------------

-- 
-- Структура таблицы `forum_message`
-- 

CREATE TABLE `forum_message` (
  `forum_message_id` int(10) unsigned NOT NULL auto_increment,
  `forum_id` mediumint(8) unsigned NOT NULL default '1',
  `parent_id` int(10) unsigned NOT NULL default '0',
  `thread_id` int(10) unsigned NOT NULL default '0',
  `is_published` tinyint(1) unsigned NOT NULL default '1',
  `dt_published` datetime NOT NULL default '0000-00-00 00:00:00',
  `author` varchar(255) character set utf8 collate utf8_bin NOT NULL default '',
  `email` varchar(255) character set utf8 collate utf8_bin default NULL,
  `title` varchar(255) character set utf8 collate utf8_bin NOT NULL default '',
  `body` text character set utf8 collate utf8_bin,
  PRIMARY KEY  (`forum_message_id`),
  KEY `ix_forum_message_0` (`parent_id`,`is_published`,`dt_published`),
  KEY `ix_forum_message_1` (`thread_id`,`is_published`,`dt_published`)
) ENGINE=MyISAM DEFAULT CHARSET=cp1251 COLLATE=cp1251_bin PACK_KEYS=0 AUTO_INCREMENT=15 ;

-- 
-- Дамп данных таблицы `forum_message`
-- 

INSERT INTO `forum_message` VALUES (1, 1, 0, 1, 1, '2006-12-13 16:43:42', 0x6b6c656e, NULL, 0xd09fd180d0bed0b2d0b5d180d0bad0b020d180d0b0d0b1d0bed182d18b20d184d0bed180d183d0bcd0b0, 0xd0a2d0b5d181d182d0bed0b2d0bed0b520d181d0bed0bed0b1d189d0b5d0bdd0b8d0b520d18120d182d0b5d0bbd0bed0bc);
INSERT INTO `forum_message` VALUES (2, 1, 1, 1, 1, '2006-12-13 16:44:02', 0x6b6c656e, NULL, 0x52653a20d09fd180d0bed0b2d0b5d180d0bad0b020d180d0b0d0b1d0bed182d18b20d184d0bed180d183d0bcd0b0, 0xd0a1d0bed0bed0b1d189d0b5d0bdd0b8d0b520d0bed182d0b2d0b5d182d0b0);
INSERT INTO `forum_message` VALUES (3, 1, 2, 1, 1, '2006-12-13 16:44:16', 0x6b6c656e, NULL, 0xd0a1d0bed0bed0b1d189d0b5d0bdd0b8d0b520d0b1d0b5d0b720d182d0b5d0bbd0b0, NULL);
INSERT INTO `forum_message` VALUES (4, 1, 1, 1, 1, '2006-12-13 16:44:34', 0x6b6c656e, NULL, 0xd090d0bbd18cd182d0b5d180d0bdd0b0d182d0b8d0b2d0bdd18bd0b920d0bed182d0b2d0b5d182, 0xd0a1d0bed0b4d0b5d180d0b6d0b0d0bdd0b8d0b5);
INSERT INTO `forum_message` VALUES (5, 1, 0, 5, 1, '2006-12-13 16:45:58', 0x6b6c656e, NULL, 0xd092d182d0bed180d0bed0b520d181d0bed0bed0b1d189d0b5d0bdd0b8d0b5, 0xd0a1d0bed0b4d0b5d180d0b6d0b0d0bdd0b8d0b520d0b2d182d0bed180d0bed0b3d0be20d181d0bed0bed0b1d189d0b5d0bdd0b8d18f);
INSERT INTO `forum_message` VALUES (6, 1, 5, 5, 1, '2006-12-13 16:46:26', 0x6b6c656e, NULL, 0xd09ed182d0b2d0b5d18220d0bdd0b020d0b2d182d0bed180d0bed0b520d181d0bed0bed0b1d189d0b5d0bdd0b8d0b5, '');
INSERT INTO `forum_message` VALUES (7, 1, 6, 5, 1, '2006-12-13 16:57:29', 0x6b6c656e, NULL, 0x52653a20d09ed182d0b2d0b5d18220d0bdd0b020d0b2d182d0bed180d0bed0b520d181d0bed0bed0b1d189d0b5d0bdd0b8d0b5, NULL);
INSERT INTO `forum_message` VALUES (8, 1, 4, 1, 1, '2006-12-13 16:59:06', 0x6b6c656e, NULL, 0x52653a20d090d0bbd18cd182d0b5d180d0bdd0b0d182d0b8d0b2d0bdd0b0d18f20d0b2d0b5d182d0bad0b0, NULL);
INSERT INTO `forum_message` VALUES (9, 1, 0, 9, 1, '2006-12-13 18:21:37', 0xd093d0bed181d182d18c, NULL, 0xd0a1d0bed0bed0b1d189d0b5d0bdd0b8d0b520d0bdd0b5d0b0d0b2d182d0bed180d0b8d0b7d0b8d180d0bed0b2d0b0d0bdd0bdd0bed0b3d0be20d0bfd0bed0bbd18cd0b7d0bed0b2d0b0d182d0b5d0bbd18f, 0xd0a1d0bed0b4d0b5d180d0b6d0b0d0bdd0b8d0b520d181d0bed0bed0b1d189d0b5d0bdd0b8d18f);
INSERT INTO `forum_message` VALUES (10, 1, 6, 5, 1, '2006-12-15 15:24:51', 0x6b6c656e, NULL, 0xd0bed182d0b2d0b5d182, NULL);
INSERT INTO `forum_message` VALUES (11, 1, 5, 5, 1, '2006-12-19 00:37:03', 0x6b6c656e, NULL, 0xd0bfd180d0bed0b2d0b5d180d0bad0b0, NULL);
INSERT INTO `forum_message` VALUES (12, 1, 11, 5, 1, '2006-12-19 00:37:11', 0x6b6c656e, NULL, 0xd0b820d0b5d189d0b520d0bed0b4d0bdd0b0, 0xd0a2d0b5d0bad181d18220d0b2d182d0bed180d0bed0b920d0bfd180d0bed0b2d0b5d180d0bad0b8);
INSERT INTO `forum_message` VALUES (13, 1, 12, 5, 1, '2006-12-19 00:37:31', 0x6b6c656e, NULL, 0xd091d0b5d0b720d182d0b5d0bcd18b, 0xd0b820d0b1d0b5d0b720d182d0b5d0bcd18b);
INSERT INTO `forum_message` VALUES (14, 1, 0, 14, 1, '2006-12-19 00:39:19', 0x6b6c656e, NULL, 0xd09dd0bed0b2d0bed0b520d181d0bed0bed0b1d189d0b5d0bdd0b8d0b5, 0xd18120d182d0b5d0bad181d182d0bed0bc);

-- --------------------------------------------------------

-- 
-- Структура таблицы `lang`
-- 

CREATE TABLE `lang` (
  `lang_id` tinyint(4) NOT NULL default '0',
  `sort_order` tinyint(4) NOT NULL default '0',
  `abbr` varchar(5) collate utf8_bin NOT NULL default '',
  `charset` varchar(20) collate utf8_bin NOT NULL default '',
  PRIMARY KEY  (`lang_id`)
) ENGINE=MyISAM DEFAULT CHARSET=utf8 COLLATE=utf8_bin COMMENT='RAY: таблица языков сайта';

-- 
-- Дамп данных таблицы `lang`
-- 

INSERT INTO `lang` VALUES (1, 0, 0x7275, 0x77696e31323531);

-- --------------------------------------------------------

-- 
-- Структура таблицы `object`
-- 

CREATE TABLE `object` (
  `object_id` int(5) unsigned NOT NULL auto_increment,
  `object_type_id` tinyint(4) NOT NULL default '0',
  `name` varchar(50) collate utf8_bin NOT NULL default '',
  `Full_Path` varchar(255) collate utf8_bin NOT NULL default '/',
  `site_id` tinyint(3) unsigned NOT NULL default '0',
  `parent_id` smallint(5) unsigned NOT NULL default '0',
  `thread_id` smallint(5) unsigned NOT NULL default '0',
  `data_process_id` tinyint(4) NOT NULL default '0',
  `template_id` tinyint(4) NOT NULL default '0',
  `rights` int(11) NOT NULL default '3',
  `cache_time` int(11) NOT NULL default '0',
  `is_show_on_sitemap` char(1) collate utf8_bin NOT NULL default '0',
  `is_show_in_menu` tinyint(4) NOT NULL default '0',
  `Path` varchar(255) collate utf8_bin NOT NULL default '',
  `url` varchar(255) collate utf8_bin default NULL,
  `link_to_object_id` int(11) default '0',
  `link_to_object_type_id` tinyint(4) default '0',
  `auser_id` int(11) NOT NULL default '0',
  `is_published` char(1) collate utf8_bin NOT NULL default '0',
  `dt_update` date NOT NULL default '0000-00-00',
  `document_name` varchar(255) collate utf8_bin default NULL,
  `window_name` varchar(255) collate utf8_bin default NULL,
  `description` varchar(255) collate utf8_bin default NULL,
  `sort_order` int(11) default '0',
  PRIMARY KEY  (`object_id`)
) ENGINE=MyISAM DEFAULT CHARSET=utf8 COLLATE=utf8_bin PACK_KEYS=0 COMMENT='Mouse : Хранилище объектов' AUTO_INCREMENT=12 ;

-- 
-- Дамп данных таблицы `object`
-- 

INSERT INTO `object` VALUES (1, 1, 0xd09dd0bed0b2d0bed181d182d0b8, 0x2f, 1, 0, 1, 0, 4, 3, 2, 0x31, 1, '', '', 0, 0, 0, 0x31, '2006-12-12', 0xd09dd0bed180d0b020d0bcd0b8d0bdd0bed182d0b0d0b2d180d0b0, 0xd09dd0bed180d0b020d0bcd0b8d0bdd0bed182d0b0d0b2d180d0b0, 0xd093d0bbd0b0d0b2d0bdd0b0d18f20d181d182d180d0b0d0bdd0b8d186d0b020d181d0b0d0b9d182d0b0, 1);
INSERT INTO `object` VALUES (2, 1, 0xd09ad0b0d180d182d0b0, 0x2f6d61702f, 1, 0, 2, 0, 4, 1, 300, 0x30, 1, 0x6d6170, '', 0, 0, 4, 0x31, '2006-12-19', 0xd09ad0b0d180d182d0b020d181d0b0d0b9d182d0b0, 0xd09ad0b0d180d182d0b020d181d0b0d0b9d182d0b0, 0xd09ad0b0d180d182d0b020d181d0b0d0b9d182d0b0, 2);
INSERT INTO `object` VALUES (3, 0, 0xd0a1d182d180d0b0d0bdd0b8d186d0b020d0bed188d0b8d0b1d0bed0ba, 0x2f6572726f722f, 1, 0, 3, 0, 4, 1, 300, 0x30, 0, 0x6572726f72, '', 0, 0, 4, 0x31, '2006-10-20', 0xd09ed188d0b8d0b1d0bad0b020d181d0b8d181d182d0b5d0bcd18b, 0xd09ed188d0b8d0b1d0bad0b020d181d0b8d181d182d0b5d0bcd18b, 0xd0a1d182d180d0b0d0bdd0b8d186d0b020d0bed188d0b8d0b1d0bed0ba20d181d0b8d181d182d0b5d0bcd18b, 3);
INSERT INTO `object` VALUES (4, 1, 0xd0a0d0b5d0b3d0b8d181d182d180d0b0d186d0b8d18f, 0x2f7265672f, 1, 0, 4, 0, 4, 1, 2, 0x31, 0, 0x726567, '', 0, 0, 0, 0x31, '2006-12-11', 0xd09fd0b0d180d0b0d0bcd0b5d182d180d18b20d0bfd0bed0bbd18cd0b7d0bed0b2d0b0d182d0b5d0bbd18f, 0xd092d0b2d0bed0b4202f20d0b8d0b7d0bcd0b5d0bdd0b5d0bdd0b8d0b520d0bfd0b0d180d0b0d0bcd0b5d182d180d0bed0b2, 0xd0a1d182d180d0b0d0bdd0b8d186d0b020d180d0b5d0b3d0b8d181d182d180d0b0d186d0b8d0b820d0bfd0bed0bbd18cd0b7d0bed0b2d0b0d182d0b5d0bbd0b5d0b9, 4);
INSERT INTO `object` VALUES (5, 2, 0x476c6f62616c, 0x2f676c6f62616c2f, 1, 0, 5, 0, 1, 1, 250, 0x30, 0, 0x676c6f62616c, '', 0, 0, 4, 0x31, '2006-10-22', 0x476c6f62616c, 0x476c6f62616c, 0xd093d0bbd0bed0b1d0b0d0bbd18cd0bdd18bd0b920d0bed0b1d18ad0b5d0bad18220d181d0bed0b4d0b5d180d0b6d0b0d189d0b8d0b920d18dd0bbd0b5d0bcd0b5d0bdd182d18b20d0b8d0bdd182d0b5d180d184d0b5d0b9d181d0b02c20d0b820d0b3d0bbd0bed0b1d0b0d0bbd18cd0bdd18bd0b520d0b1d0bbd0bed0bad0b820d0bed0b1d180d0b0d0b1d0bed182d187d0b8d0bad0b8, 5);
INSERT INTO `object` VALUES (6, 5, 0xd0a4d0bed180d183d0bc, 0x2f666f72756d2f, 1, 0, 6, 0, 4, 3, 2, 0x31, 1, 0x666f72756d, '', 0, 0, 4, 0x31, '2006-12-19', 0x4d6f75736520d184d0bed180d183d0bc, 0x4d6f75736520434d53207c20d0a4d0bed180d183d0bc, 0xd0a4d0bed180d183d0bc, 6);
INSERT INTO `object` VALUES (7, 1, 0xd090d0b2d182d0bed0b4d0bed0ba, 0x2f6175746f646f632f, 1, 0, 7, 8, 0, 1, 600, 0x31, 1, 0x6175746f646f63, '', 0, 0, 4, 0x31, '2006-12-18', 0xd0a1d0b0d0bcd0bed0b4d0bed0bad183d0bcd0b5d0bdd182d0b8d180d0bed0b2d0b0d0bdd0b8d0b520d0bad0bed0b4d0b0, 0xd0a1d0b0d0bcd0bed0b4d0bed0bad183d0bcd0b5d0bdd182d0b8d180d0bed0b2d0b0d0bdd0b8d0b520d0bad0bed0b4d0b0, 0xd0a0d0b0d0b7d0b4d0b5d0bb20d181d0b0d0bcd0bed0b4d0bed0bad183d0bcd0b5d0bdd182d0b8d180d0bed0b2d0b0d0bdd0b8d18f20d0bfd0b0d180d181d0b5d180d0bdd0bed0b3d0be20d0bad0bed0b4d0b0, 7);
INSERT INTO `object` VALUES (8, 1, 0x416a617841646d696e, 0x2f6d632f61646d696e2f, 1, 9, 9, 0, 5, 0, 5, 0x30, 0, 0x61646d696e, '', 0, 0, 4, 0x31, '2006-12-18', 0xd090d0b4d0bcd0b8d0bdd0b8d181d182d180d0b8d180d0bed0b2d0b0d0bdd0b8d0b5, 0xd090d0b4d0bcd0b8d0bdd0b8d181d182d180d0b8d180d0bed0b2d0b0d0bdd0b8d0b5, 0xd0a2d0b5d181d182d0bed0b2d18bd0b920d0bed0b1d18ad0b5d0bad18220d0b4d0bbd18f20d0bed182d0bbd0b0d0b4d0bad0b820d0bad0bed0b4d0b0, 8);
INSERT INTO `object` VALUES (9, 1, 0xd090d0b4d0bcd0b8d0bd, 0x2f6d632f, 1, 0, 9, 0, 4, 0, 5, 0x30, 1, 0x6d63, '', 0, 0, 4, 0x31, '2006-12-18', 0xd090d0b4d0bcd0b8d0bdd0b8d181d182d180d0b8d180d0bed0b2d0b0d0bdd0b8d0b5, 0xd090d0b4d0bcd0b8d0bdd0b8d181d182d180d0b8d180d0bed0b2d0b0d0bdd0b8d0b5, 0xd0a2d0b5d181d182d0bed0b2d18bd0b920d0bed0b1d18ad0b5d0bad18220d0b4d0bbd18f20d0bed182d0bbd0b0d0b4d0bad0b820d180d0b5d0b0d0bbd0b8d0b7d0b0d186d0b8d0b820d0b0d0b4d0bcd0b8d0bdd0bad0b820d187d0b5d180d0b5d0b720d0bad183d180d0b4d18b, 9);
INSERT INTO `object` VALUES (10, 5, 0x56466f726d73, 0x2f666f726d732f, 1, 0, 10, 7, 0, 1, 0, 0x30, 0, 0x666f726d73, '', 0, 0, 4, 0x31, '2006-12-14', 0xd092d0b8d180d182d183d0b0d0bbd18cd0bdd18bd0b920d0bed0b1d18ad0b5d0bad18220d0bed0b1d180d0b0d0b1d0bed182d0bad0b820d184d0bed180d0bc, 0xd092d0b8d180d182d183d0b0d0bbd18cd0bdd18bd0b920d0bed0b1d18ad0b5d0bad18220d0bed0b1d180d0b0d0b1d0bed182d0bad0b820d184d0bed180d0bc, 0xd09ed0b1d18ad0b5d0bad18220d0bdd0b520d0b8d0bcd0b5d0b5d18220d181d0b2d0bed0b5d0b3d0be20d0bfd180d0b5d0b4d181d182d0b0d0b2d0bbd0b5d0bdd0b8d18f20d0bdd0b020d181d0b0d0b9d182d0b52c20d0bfd0bed0bbd183d187d0b0d0b5d18220d0b820d0bed0b1d180d0b0d0b1d0b0d182d18bd0b2d0b0d0b5d18220d0b4d0b0d0bdd0bdd18bd0b520d184d0bed180d0bc20d0bed18220616a617820d0b820706f73742f67657420d0b7d0b0d0bfd180d0bed181d0bed0b2, 10);
INSERT INTO `object` VALUES (11, 6, 0xd097d0b0d0b3d180d183d0b7d0b8d182d18c, 0x2f66696c65732f, 1, 0, 11, 0, 4, 1, 300, 0x31, 1, 0x66696c6573, 0x2f66696c65732f696e7374616c6c2e7a6970, 0, 0, 3, 0x31, '2006-12-19', 0xd097d0b0d0b3d180d183d0b7d0b8d182d18c204d6f75736520434d53, 0xd097d0b0d0b3d180d183d0b7d0b8d182d18c204d6f75736520434d53, 0xd09ed0b1d18ad0b5d0bad1822dd181d181d18bd0bbd0bad0b020d0bdd0b020d0b8d0bdd181d182d0b0d0bbd18fd186d0b8d18e204d6f75736520434d53, 9);

-- --------------------------------------------------------

-- 
-- Структура таблицы `object_type`
-- 

CREATE TABLE `object_type` (
  `object_type_id` tinyint(4) NOT NULL auto_increment,
  `sort_order` tinyint(4) NOT NULL default '0',
  `is_show_on_sitemap` char(1) collate utf8_bin NOT NULL default '1',
  `is_fake` char(1) collate utf8_bin NOT NULL default '0',
  `abbr` varchar(10) collate utf8_bin NOT NULL default '',
  `name` varchar(40) collate utf8_bin NOT NULL default '',
  `constructor` varchar(40) collate utf8_bin NOT NULL default '',
  PRIMARY KEY  (`object_type_id`)
) ENGINE=MyISAM DEFAULT CHARSET=utf8 COLLATE=utf8_bin AUTO_INCREMENT=7 ;

-- 
-- Дамп данных таблицы `object_type`
-- 

INSERT INTO `object_type` VALUES (1, 0, 0x31, 0x30, 0x6e756c6c, 0xd09dd0b5d0bed0bfd180d0b5d0b4d0b5d0bbd0b5d0bdd0bdd18bd0b920d182d0b8d0bf, 0x6e756c6c);
INSERT INTO `object_type` VALUES (2, 0, 0x31, 0x30, 0x676c6f62616c, 0xd093d0bbd0bed0b1d0b0d0bbd18cd0bdd18bd0b920d0bed0b1d18ad0b5d0bad182, 0x676c6f62616c);
INSERT INTO `object_type` VALUES (3, 1, 0x31, 0x30, 0x756e69, 0xd0a3d0bdd0b8d0bad0b0d0bbd18cd0bdd18bd0b920d0bed0b1d18ad0b5d0bad182, 0x756e69);
INSERT INTO `object_type` VALUES (4, 2, 0x31, 0x30, 0x636f6e7461696e6572, 0x636f6e7461696e6572, 0x636f6e7461696e6572);
INSERT INTO `object_type` VALUES (5, 3, 0x31, 0x30, 0x61646d696e, 0xd09ed0b1d18ad0b5d0bad182d18b20d090d0b4d0bcd0b8d0bdd0b8d181d182d180d0b8d180d0bed0b2d0b0d0bdd0b8d18f, 0x73797374656d);
INSERT INTO `object_type` VALUES (6, 4, 0x31, 0x30, 0x6c697665, 0xd09ed0b1d18ad0b5d0bad182d18b20d0bed0b1d189d0b5d0b3d0be20d182d0b8d0bfd0b0, 0x6c697665);

-- --------------------------------------------------------

-- 
-- Структура таблицы `site`
-- 

CREATE TABLE `site` (
  `site_id` int(11) NOT NULL auto_increment,
  `lang_id` tinyint(4) NOT NULL default '0',
  `sort_order` tinyint(4) NOT NULL default '0',
  `cache_time` int(4) NOT NULL default '0',
  `e404_object_id` int(11) NOT NULL default '0',
  `name` varchar(255) collate utf8_bin NOT NULL default '',
  `domain` varchar(255) collate utf8_bin NOT NULL default '',
  PRIMARY KEY  (`site_id`)
) ENGINE=MyISAM DEFAULT CHARSET=utf8 COLLATE=utf8_bin PACK_KEYS=0 COMMENT='RAY: Таблица сайтов' AUTO_INCREMENT=2 ;

-- 
-- Дамп данных таблицы `site`
-- 

INSERT INTO `site` VALUES (1, 1, 3, 250, 3, 0x4d6f757365, 0x7777772e6d6f757365322e7275);

-- --------------------------------------------------------

-- 
-- Структура таблицы `template`
-- 

CREATE TABLE `template` (
  `template_id` int(11) NOT NULL auto_increment,
  `sort_order` tinyint(4) NOT NULL default '0',
  `template_type_id` tinyint(4) NOT NULL default '0',
  `dt_update` date NOT NULL default '0000-00-00',
  `name` varchar(50) collate utf8_bin NOT NULL default '',
  `filename` varchar(100) collate utf8_bin NOT NULL default '',
  `params` varchar(100) collate utf8_bin NOT NULL default '',
  `description` varchar(255) collate utf8_bin NOT NULL default '',
  PRIMARY KEY  (`template_id`)
) ENGINE=MyISAM DEFAULT CHARSET=utf8 COLLATE=utf8_bin PACK_KEYS=0 AUTO_INCREMENT=15 ;

-- 
-- Дамп данных таблицы `template`
-- 

INSERT INTO `template` VALUES (14, 3, 0, '2006-11-15', 0x4d6f7573652065617379, 0x4d6f7573652f6d61696e5f656173792e78736c, 0x2f7468656d65732f6d6f7573652f6373732f6d6f7573652e637373, 0xd09fd180d0bed181d182d0bed0b920d0b1d0b5d0b720d188d0b0d0bfd0bad0b820d0b220d0bed0b4d0bdd18320d0bad0bed0bbd0bed0bdd0bad183);
INSERT INTO `template` VALUES (4, 4, 1, '0000-00-00', 0x4d6f757365, 0x4d6f7573652f6d61696e2e78736c, 0x2f7468656d65732f6d6f7573652f6373732f6d6f7573652e637373, 0xd0a2d0b5d0bcd0b0204d6f757365);
INSERT INTO `template` VALUES (5, 5, 1, '2006-11-15', 0x4d6f75736520616a6178, 0x4d6f7573652f656173792e78736c, 0x2f7468656d65732f6d6f7573652f6373732f6d6f7573652e637373, 0xd0a2d0b5d0bcd0b0204d6f75736520d0a3d0bfd180d0bed189d0b5d0bdd0bdd0b0d18f);

-- --------------------------------------------------------

-- 
-- Структура таблицы `template_group`
-- 

CREATE TABLE `template_group` (
  `template_group_id` int(11) NOT NULL auto_increment,
  `sort_order` tinyint(4) NOT NULL default '0',
  `directory_name` varchar(255) collate utf8_bin NOT NULL default '',
  `name` varchar(50) collate utf8_bin NOT NULL default '',
  `description` varchar(255) collate utf8_bin NOT NULL default '',
  PRIMARY KEY  (`template_group_id`)
) ENGINE=MyISAM DEFAULT CHARSET=utf8 COLLATE=utf8_bin AUTO_INCREMENT=1 ;

-- 
-- Дамп данных таблицы `template_group`
-- 

