-- phpMyAdmin SQL Dump
-- version 2.6.1
-- http://www.phpmyadmin.net
-- 
-- Хост: localhost
-- Время создания: Янв 10 2007 г., 18:20
-- Версия сервера: 4.1.16
-- Версия PHP: 4.4.4
-- 
-- БД: `mouse`
-- 

-- --------------------------------------------------------

-- 
-- Структура таблицы `acl`
-- 

DROP TABLE IF EXISTS `acl`;
CREATE TABLE `acl` (
  `acl_id` int(10) unsigned NOT NULL auto_increment,
  `object_id` int(10) unsigned NOT NULL default '0',
  `auser_id` int(10) unsigned NOT NULL default '0',
  `rights` int(10) unsigned NOT NULL default '0',
  PRIMARY KEY  (`acl_id`),
  KEY `auser_id` (`auser_id`,`object_id`)
) ENGINE=MyISAM DEFAULT CHARSET=utf8 COLLATE=utf8_bin AUTO_INCREMENT=9 ;

-- 
-- Дамп данных таблицы `acl`
-- 

INSERT INTO `acl` VALUES (8, 8, 2, 143);
INSERT INTO `acl` VALUES (7, 9, 2, 143);

-- --------------------------------------------------------

-- 
-- Структура таблицы `aevent_log`
-- 

DROP TABLE IF EXISTS `aevent_log`;
CREATE TABLE `aevent_log` (
  `aevent_log_id` int(10) unsigned NOT NULL auto_increment,
  `auser_id` int(10) unsigned NOT NULL default '0',
  `event_type` mediumint(9) NOT NULL default '256',
  `stat` mediumint(9) NOT NULL default '0',
  `dt` datetime NOT NULL default '0000-00-00 00:00:00',
  `content` varchar(255) collate utf8_bin default NULL,
  PRIMARY KEY  (`aevent_log_id`),
  KEY `ix_aevent_log_0` (`auser_id`,`dt`)
) ENGINE=MyISAM DEFAULT CHARSET=utf8 COLLATE=utf8_bin AUTO_INCREMENT=59 ;

-- 
-- Дамп данных таблицы `aevent_log`
-- 

INSERT INTO `aevent_log` VALUES (1, 3, 1, 0, '2006-12-05 12:18:35', 0x3132372e302e302e313a4e554c4c);
INSERT INTO `aevent_log` VALUES (41, 4, 2, 0, '2006-12-29 15:39:28', 0x3132372e302e302e313a4e554c4c);
INSERT INTO `aevent_log` VALUES (42, 4, 1, 0, '2006-12-29 15:39:31', 0x3132372e302e302e313a4e554c4c);
INSERT INTO `aevent_log` VALUES (44, 4, 1, 0, '2007-01-06 13:29:10', 0x3132372e302e302e313a4e554c4c);
INSERT INTO `aevent_log` VALUES (45, 4, 1, 0, '2007-01-06 13:29:26', 0x3132372e302e302e313a4e554c4c);
INSERT INTO `aevent_log` VALUES (46, 4, 1, 0, '2007-01-06 13:30:31', 0x3132372e302e302e313a4e554c4c);
INSERT INTO `aevent_log` VALUES (47, 4, 1, 0, '2007-01-06 13:30:56', 0x3132372e302e302e313a4e554c4c);
INSERT INTO `aevent_log` VALUES (48, 4, 1, 0, '2007-01-06 13:31:08', 0x3132372e302e302e313a4e554c4c);
INSERT INTO `aevent_log` VALUES (49, 4, 1, 0, '2007-01-06 13:31:38', 0x3132372e302e302e313a4e554c4c);
INSERT INTO `aevent_log` VALUES (50, 4, 1, 0, '2007-01-06 19:37:34', 0x3132372e302e302e313a4e554c4c);
INSERT INTO `aevent_log` VALUES (51, 4, 2, 0, '2007-01-06 19:39:07', 0x3132372e302e302e313a4e554c4c);
INSERT INTO `aevent_log` VALUES (52, 4, 1, 0, '2007-01-06 19:39:14', 0x3132372e302e302e313a4e554c4c);
INSERT INTO `aevent_log` VALUES (53, 4, 1, 0, '2007-01-06 19:45:19', 0x3132372e302e302e313a4e554c4c);
INSERT INTO `aevent_log` VALUES (54, 4, 1, 0, '2007-01-06 19:45:47', 0x3132372e302e302e313a4e554c4c);
INSERT INTO `aevent_log` VALUES (55, 4, 1, 0, '2007-01-06 19:45:55', 0x3132372e302e302e313a4e554c4c);
INSERT INTO `aevent_log` VALUES (56, 4, 2, 0, '2007-01-07 04:52:25', 0x3132372e302e302e313a4e554c4c);
INSERT INTO `aevent_log` VALUES (57, 4, 1, 0, '2007-01-07 04:52:32', 0x3132372e302e302e313a4e554c4c);
INSERT INTO `aevent_log` VALUES (58, 4, 1, 0, '2007-01-07 20:59:03', 0x3132372e302e302e313a4e554c4c);
INSERT INTO `aevent_log` VALUES (28, 4, 2, 0, '2006-12-13 13:11:01', 0x3132372e302e302e313a4e554c4c);
INSERT INTO `aevent_log` VALUES (29, 4, 1, 0, '2006-12-13 13:11:17', 0x3132372e302e302e313a4e554c4c);
INSERT INTO `aevent_log` VALUES (30, 4, 2, 0, '2006-12-13 18:20:08', 0x3132372e302e302e313a4e554c4c);
INSERT INTO `aevent_log` VALUES (31, 4, 1, 0, '2006-12-13 18:21:33', 0x3132372e302e302e313a4e554c4c);
INSERT INTO `aevent_log` VALUES (32, 4, 2, 0, '2006-12-13 18:21:37', 0x3132372e302e302e313a4e554c4c);
INSERT INTO `aevent_log` VALUES (33, 4, 1, 0, '2006-12-13 18:25:30', 0x3132372e302e302e313a4e554c4c);
INSERT INTO `aevent_log` VALUES (34, 4, 2, 0, '2006-12-13 18:26:52', 0x3132372e302e302e313a4e554c4c);
INSERT INTO `aevent_log` VALUES (35, 4, 1, 0, '2006-12-13 18:28:47', 0x3132372e302e302e313a4e554c4c);
INSERT INTO `aevent_log` VALUES (36, 4, 1, 0, '2006-12-18 20:16:03', 0x3132372e302e302e313a4e554c4c);
INSERT INTO `aevent_log` VALUES (37, 4, 2, 0, '2006-12-19 00:07:12', 0x3132372e302e302e313a4e554c4c);
INSERT INTO `aevent_log` VALUES (38, 4, 1, 0, '2006-12-19 00:07:19', 0x3132372e302e302e313a4e554c4c);
INSERT INTO `aevent_log` VALUES (39, 3, 1, 0, '2006-12-19 00:58:07', 0x3132372e302e302e313a4e554c4c);
INSERT INTO `aevent_log` VALUES (40, 4, 128, 0, '2006-12-29 14:45:47', 0x3132372e302e302e313a4e554c4c);
INSERT INTO `aevent_log` VALUES (43, 4, 1, 0, '2007-01-06 13:29:06', 0x3132372e302e302e313a4e554c4c);

-- --------------------------------------------------------

-- 
-- Структура таблицы `article`
-- 

DROP TABLE IF EXISTS `article`;
CREATE TABLE `article` (
  `article_type_id` int(11) NOT NULL default '0',
  `article_id` int(11) NOT NULL auto_increment,
  `title` varchar(255) collate utf8_bin default NULL,
  `lead` text collate utf8_bin NOT NULL,
  `is_not_empty` tinyint(4) default '0',
  `image` varchar(50) collate utf8_bin NOT NULL default '',
  `body` text collate utf8_bin,
  `is_published` tinyint(4) default '0',
  `dt` datetime NOT NULL default '0000-00-00 00:00:00',
  `dt_published` datetime NOT NULL default '0000-00-00 00:00:00',
  `author` varchar(100) collate utf8_bin NOT NULL default '0',
  PRIMARY KEY  (`article_type_id`,`article_id`),
  KEY `ix_m_article_0` (`article_type_id`,`is_published`,`dt_published`,`dt`)
) ENGINE=MyISAM DEFAULT CHARSET=utf8 COLLATE=utf8_bin AUTO_INCREMENT=1 ;

-- 
-- Дамп данных таблицы `article`
-- 

INSERT INTO `article` VALUES (1, 1, 0xd0a2d0b5d181d182d0bed0b2d0b0d18f20d0bdd0bed0b2d0bed181d182d18c, 0x3c703ed09fd0bed18fd0b2d0b8d0bbd0b0d181d18c20d0bfd180d0bed181d182d0b5d0b9d188d0b0d18f20d180d0b0d0b1d0bed182d0b020d181d0be20d181d182d0b0d182d18cd18fd0bcd0b82028d0bdd0bed0b2d0bed181d182d0b82c20d0b0d0bdd0bed0bdd181d18b2c20d0b4d0bed0bad183d0bcd0b5d0bdd182d0b0d186d0b8d18f293c2f703e, 1, 0x696e666f2e706e67, 0x3c646976207374796c653d22746578742d616c69676e3a2063656e7465723b20666f6e742d7765696768743a20626f6c643b223e3c666f6e742073697a653d2232223ed09220d0bad0b0d187d0b5d181d182d0b2d0b520d0b2d0b8d0b7d183d0b0d0bbd18cd0bdd0bed0b3d0be20d180d0b5d0b4d0b0d0bad182d0bed180d0b020d182d0b5d0bfd0b5d180d18c20d0b8d181d0bfd0bed0bbd18cd0b7d183d0b5d182d181d18f20535041573c2f666f6e743e3c62722f3e3c62722f3e3c646976207374796c653d22746578742d616c69676e3a206c6566743b206d617267696e2d6c6566743a20343070783b223e3c7370616e207374796c653d22666f6e742d7765696768743a206e6f726d616c3b223ed09dd18320d0bdd0b520d0bfd0bed0b4d180d183d0b6d0b8d0bbd181d18f20d18f20d1812046434b456469746f722c20d0b220d0b8d182d0bed0b3d0b520d0bfd0b5d180d0b5d188d0b5d0bb20d0bdd0b020535041572c20d0bfd0bed0bad0b020d0b1d183d0b4d0b5d0bc20d0b6d0b8d182d18c20d18120d0bdd0b8d0bc2e3c62722f3e3c62722f3ed09020d180d0b0d0b1d0bed182d0b0d0b5d18220d0bbd0b83f3c62722f3e3c62722f3e3c2f7370616e3e3c756c3e3c6c693e3c7370616e207374796c653d22666f6e742d7765696768743a206e6f726d616c3b223ed0b8d0bbd0b820d0bdd0b520d180d0b0d0b1d0bed182d0b0d0b5d1823f3c2f7370616e3e3c62722f3e3c2f6c693e3c2f756c3e3c2f6469763e3c2f6469763e, 1, '2007-01-10 17:55:51', '2007-01-10 17:55:51', 0x6b6c656e);
INSERT INTO `article` VALUES (1, 2, 0xd092d182d0bed180d0b0d18f20d182d0b5d181d182d0bed0b2d0b0d18f20d0bdd0bed0b2d0bed181d182d18c, 0xd090d0bdd0bed0bdd18120d0b2d182d0bed180d0bed0b920d182d0b5d181d182d0bed0b2d0bed0b920d0bdd0bed0b2d0bed181d182d0b8, 0, 0x696e666f2e706e67, '', 1, '2007-01-10 17:58:23', '2007-01-10 17:58:23', 0x6b6c656e);
INSERT INTO `article` VALUES (1, 3, 0xd0a0d0b5d0b2d0b8d0b7d0b8d18f203431, 0x3c703ed09fd0bed0bbd0bdd0bed181d182d18cd18e20d0bfd0b5d180d0b5d0bfd0b8d181d0b0d0bb20d0b0d0b4d0bcd0b8d0bdd0bad1832c20d0b4d0bed181d182d0b0d182d0bed187d0bdd0be20d181d0b8d0bbd18cd0bdd0be20d0b8d0b7d0bcd0b5d0bdd0b5d0bd20d0b4d0b2d0b8d0b6d0bed0ba2e0ad0a1d0bed0b2d0bcd0b5d181d182d0b8d0bcd0bed181d182d0b820d18120d0bfd180d0bed188d0bbd18bd0bcd0b820d0b2d0b5d180d181d0b8d18fd0bcd0b820d0bdd0b5d182d1832c20d181d182d0b0d0b2d0b8d182d18c20d18120d0bdd183d0bbd18f2e203c2f703e3c703ed09ed0b6d0b8d0b4d0b0d0b5d182d181d18f20d0bcd0bed180d0b50ad0b1d0b0d0b3d0bed0b22e3c2f703e, 1, 0x7265766973696f6e2e706e67, 0x3c703ed09fd0bed0bbd0bdd0bed181d182d18cd18e20d0bfd0b5d180d0b5d0bfd0b8d181d0b0d0bb20d0b0d0b4d0bcd0b8d0bdd0bad1832c20d0b4d0bed181d182d0b0d182d0bed187d0bdd0be20d181d0b8d0bbd18cd0bdd0be20d0b8d0b7d0bcd0b5d0bdd0b5d0bd20d0b4d0b2d0b8d0b6d0bed0ba2e0ad0a1d0bed0b2d0bcd0b5d181d182d0b8d0bcd0bed181d182d0b820d18120d0bfd180d0bed188d0bbd18bd0bcd0b820d0b2d0b5d180d181d0b8d18fd0bcd0b820d0bdd0b5d182d1832c20d181d182d0b0d0b2d0b8d182d18c20d18120d0bdd183d0bbd18f2e203c2f703e3c703ed09ed0b6d0b8d0b4d0b0d0b5d182d181d18f20d0bcd0bed180d0b50ad0b1d0b0d0b3d0bed0b22e3c2f703e, 1, '2007-01-10 17:56:08', '2007-01-10 17:56:08', 0x6b6c656e);
INSERT INTO `article` VALUES (1, 4, 0xd0a0d0b5d0b2d0b8d0b7d0b8d18f203434, 0xd09fd0bed0bfd180d0b0d0b2d0b8d0bb20d0bdd0b5d0bad0bed182d0bed180d18bd0b520d0b1d0b0d0b3d0b82c20d0b4d0bed0b1d0b0d0b2d0b8d0bb20d0bdd0b5d0bad0bed182d0bed180d18bd0b520d184d0b8d187d0b82e20d09fd0bed0b4d180d0bed0b1d0bdd0b5d0b520d0bfd0bed0b420d0bad0b0d182d0bed0bc2e, 1, 0x7265766973696f6e2e706e67, 0x3c6f6c3e3c6c693e3c7374726f6e673e22d09ad183d180d0b4d18b223c2f7374726f6e673e20d182d0b5d0bfd0b5d180d18c20d181d0bed0b7d0b4d0b0d18ed18220d181d0bad180d0bed0bbd0bbd0b5d180d18b20d181d0b0d0bcd0b82e3c2f6c693e3c6c693ed098d181d0bfd180d0b0d0b2d0bbd0b5d0bdd18b20d0b1d0b0d0b3d0b820d0b220d0b0d0b4d0bcd0b8d0bdd0b52c20d181d0b2d18fd0b7d0b0d0bdd0bdd18bd0b520d18120d0b8d0b7d0bcd0b5d0bdd0b5d0bdd0b8d0b5d0bc2058534c5420d188d0b0d0b1d0bbd0bed0bdd0bed0b23c2f6c693e3c6c693ed09220d0bad0b0d187d0b5d181d182d0b2d0b520d0b2d0b8d0b7d183d0b0d0bbd18cd0bdd0bed0b3d0be20d180d0b5d0b4d0b0d0bad182d0bed180d0b020d182d0b5d0bfd0b5d180d18c20d0b8d181d0bfd0bed0bbd18cd0b7d183d0b5d182d181d18f203c61207469746c653d2257594d456469746f722220687265663d22687474703a2f2f7777772e77796d656469746f722e6f7267223e57594d456469746f723c2f613e3c2f6c693e3c6c693ed094d0bed0b1d0b0d0b2d0b8d0bb2052535320d0b4d0bbd18f20d0bdd0bed0b2d0bed181d182d0b5d0b920d0b820d0b4d0bbd18f20d184d0bed180d183d0bcd0b02e3c6272202f3e3c2f6c693e3c2f6f6c3e3c703e3c7374726f6e673e50533a203c2f7374726f6e673e3c61207469746c653d224d6f75736520434d532220687265663d226b6c656e2e7a6f78742e6e6574223e4d6f7573653c2f613e20d183d0b6d0b520d181d0bad0b0d187d0b0d0bbd0b820d0bed0bad0bed0bbd0be20353020d187d0b5d0bbd0bed0b2d0b5d0ba2c20d0b820d0bdd0b520d0bed0b4d0bdd0bed0b3d0be20d0bed182d0b7d18bd0b2d0b028d0bfd180d0b5d0b4d0bbd0bed0b6d0b5d0bdd0b8d18f2c20d0b1d0b0d0b3d0b02c20d181d0bed0b2d0b5d182d0b02c20d0bad0bed0b4d0b020d0b820d182d0bf2920d0bdd0b820d0bdd0b020d184d0bed180d183d0bcd0b52c20d0bdd0b820d0b220d0b1d0b0d0b320d182d180d0b5d0bad0b5d180d0b52c20d0bdd0b820d0b220d180d0b0d181d181d18bd0bbd0bad0b52c20d0bdd0b820d0b220d0bcd18bd0bbd0b52e20d09ed0b1d0b8d0b4d0bdd0be2c20d187d182d0be20d181d0bed0bed0b1d189d0b5d181d182d0b2d18320d0bdd0b520d183d0bfd0b5d180d0bbd0bed181d18c20636d7320d0bdd0b0203c61207469746c653d225061727365722220687265663d22687474703a2f2f7777772e7061727365722e7275223e7061727365723c2f613e2e20d0af20d0bdd0b520d0b4d183d0bcd0b0d18e2c20d187d182d0be20d0bfd0be20d0bed182d0b4d0b5d0bbd18cd0bdd0bed181d182d0b820d0bcd0bed0b6d0bdd0be20d0b3d0bed0bdd18fd182d18cd181d18f20d18120d181d0b8d181d182d0b5d0bcd0b0d0bcd0b820d0bdd0b020d0b4d180d183d0b3d0b8d18520d18fd0b7d18bd0bad0b0d1852c20d18120d0b4d180d183d0b3d0bed0b920d181d182d0bed180d0bed0bdd18b20d181d0bfd0bbd0bed187d0b5d0bdd0bdd0bed0b520d181d0bed0bed0b1d189d0b5d181d182d0b2d0be20d0bfd0bed0bbd183d187d0b8d0bbd0be20d0b1d18b20d0b220d181d0b2d0bed0b820d180d183d0bad0b820d0b8d0bdd181d182d180d183d0bcd0b5d0bdd18220d0bed187d0b5d0bdd18c20d0bad0bed0bdd0bad183d180d0b5d0bdd182d0bdd0be20d181d0bfd0bed181d0bed0b1d0bdd18bd0b92e20d0a7d0b5d180d18220d0b5d0b3d0be20d0b7d0bdd0b0d0b5d1822c20d0b4d183d0bcd0b0d0b9d182d0b520d181d0b0d0bcd0b82e3c2f703e, 1, '2007-01-10 18:03:15', '2007-01-10 18:03:15', 0x6b6c656e);

-- --------------------------------------------------------

-- 
-- Структура таблицы `article_type`
-- 

DROP TABLE IF EXISTS `article_type`;
CREATE TABLE `article_type` (
  `article_type_id` int(11) NOT NULL auto_increment,
  `object_id` int(11) NOT NULL default '0',
  `name` varchar(255) collate utf8_bin NOT NULL default '',
  `rights` int(9) default NULL,
  PRIMARY KEY  (`article_type_id`),
  KEY `index_object_id` (`object_id`)
) ENGINE=MyISAM DEFAULT CHARSET=utf8 COLLATE=utf8_bin AUTO_INCREMENT=3 ;

-- 
-- Дамп данных таблицы `article_type`
-- 

INSERT INTO `article_type` VALUES (1, 1, 0xd09dd0bed0b2d0bed181d182d0b8, 143);
INSERT INTO `article_type` VALUES (2, 2, 0xd094d0bed0bad183d0bcd0b5d0bdd182d0b0d186d0b8d18f, 1);

-- --------------------------------------------------------

-- 
-- Структура таблицы `asession`
-- 

DROP TABLE IF EXISTS `asession`;
CREATE TABLE `asession` (
  `asession_id` int(10) unsigned NOT NULL auto_increment,
  `auser_id` int(10) unsigned NOT NULL default '0',
  `sid` varchar(64) collate utf8_bin NOT NULL default '',
  `auid` varchar(64) collate utf8_bin NOT NULL default '',
  `dt_access` datetime NOT NULL default '0000-00-00 00:00:00',
  `dt_logon` datetime default NULL,
  `dt_logout` datetime default NULL,
  PRIMARY KEY  (`asession_id`),
  KEY `ix_asession_0` (`auser_id`),
  KEY `ix_asession_1` (`auid`,`dt_access`),
  KEY `ix_asession_2` (`dt_access`)
) ENGINE=MyISAM DEFAULT CHARSET=utf8 COLLATE=utf8_bin AUTO_INCREMENT=17 ;

-- 
-- Дамп данных таблицы `asession`
-- 

INSERT INTO `asession` VALUES (3, 4, 0x3132372e302e302e313a4e554c4c3d3965363339383131383534623566363034613865386532306336323762346231, 0x3132372e302e302e313a4e554c4c3d3065653065366335393433353639613334343239653331356437356562623063, '2007-01-10 18:03:15', '2006-12-29 15:39:31', '2006-12-29 15:39:28');
INSERT INTO `asession` VALUES (5, 4, 0x3132372e302e302e313a4e554c4c3d3965613235313035613961623130396133316464303837356632343932626335, 0x3132372e302e302e313a4e554c4c3d3239303937393433346633666531636236646439393166653166323266366530, '2007-01-08 02:53:22', '2007-01-07 04:52:32', '2007-01-07 04:52:25');
INSERT INTO `asession` VALUES (8, 4, 0x3132372e302e302e313a4e554c4c3d3537323333383961626262353863313139636363366465383636323066313062, 0x3132372e302e302e313a4e554c4c3d3437383364643533303134366139633330623438306239656534326361336138, '2007-01-06 19:08:42', '2006-12-12 21:32:05', '2006-12-11 16:54:43');
INSERT INTO `asession` VALUES (10, 4, 0x3132372e302e302e313a4e554c4c3d3265366166393035356666326639396132333364613864353965383135653565, 0x3132372e302e302e313a4e554c4c3d6436356566333037613366393239323334333338363136306439336235666162, '2006-12-18 20:32:36', '2006-12-18 20:16:03', '2006-12-13 18:26:52');
INSERT INTO `asession` VALUES (12, 0, 0x3132372e302e302e313a4e554c4c3d6235663233646465343832663235323133666634313431323266633833663834, 0x3132372e302e302e313a4e554c4c3d3564653462343966373539626161343034643162666566653031323036353634, '2007-01-06 21:26:31', NULL, NULL);
INSERT INTO `asession` VALUES (13, 4, 0x3132372e302e302e313a4e554c4c3d3466383330396162363666646164616634373331636261303161623665646663, 0x3132372e302e302e313a4e554c4c3d6534323630396232393163363061336536393861643038623238313864313263, '2007-01-06 13:30:31', '2007-01-06 13:30:31', '2006-12-29 15:39:28');
INSERT INTO `asession` VALUES (14, 4, 0x3132372e302e302e313a4e554c4c3d3866626139633632613335343839336362326363343666396233626536303666, 0x3132372e302e302e313a4e554c4c3d6334666232333165623862363162373239376337303235363933623438653330, '2007-01-06 13:31:38', '2007-01-06 13:31:38', '2006-12-29 15:39:28');
INSERT INTO `asession` VALUES (15, 0, 0x3132372e302e302e313a4e554c4c3d3365613166353030366663316633643035353230373862323366626238643636, 0x3132372e302e302e313a4e554c4c3d6430646361636161613733316138366237316431343963633438313434383039, '2007-01-07 22:07:07', '2007-01-06 19:45:55', '2007-01-06 19:39:07');
INSERT INTO `asession` VALUES (16, 4, 0x3132372e302e302e313a4e554c4c3d3734663265303339366665353530643966656531663461616432306266333337, 0x3132372e302e302e313a4e554c4c3d6332653336643638626230613064383236343963336330646132636331633634, '2007-01-07 20:59:03', '2007-01-07 20:59:03', '2007-01-07 04:52:25');

-- --------------------------------------------------------

-- 
-- Структура таблицы `auser`
-- 

DROP TABLE IF EXISTS `auser`;
CREATE TABLE `auser` (
  `auser_id` int(10) unsigned NOT NULL auto_increment,
  `auser_type_id` tinyint(3) unsigned NOT NULL default '0',
  `rights` int(10) unsigned NOT NULL default '0',
  `name` varchar(127) collate utf8_bin NOT NULL default '',
  `description` text collate utf8_bin,
  `email` varchar(63) collate utf8_bin NOT NULL default '',
  `passwd` varchar(63) collate utf8_bin NOT NULL default '',
  `new_passwd` varchar(63) collate utf8_bin default NULL,
  `dt_register` datetime NOT NULL default '0000-00-00 00:00:00',
  `dt_logon` datetime default NULL,
  `dt_logout` datetime default NULL,
  `is_published` tinyint(3) unsigned NOT NULL default '1',
  `is_default` tinyint(3) unsigned NOT NULL default '0',
  `connections_limit` tinyint(3) unsigned NOT NULL default '1',
  `event_type` mediumint(8) unsigned NOT NULL default '0',
  PRIMARY KEY  (`auser_id`),
  UNIQUE KEY `auser_type_id` (`auser_type_id`,`name`),
  KEY `ix_auser_0` (`auser_type_id`,`is_published`,`dt_logon`),
  KEY `ix_auser_1` (`dt_register`),
  KEY `ix_auser_2` (`auser_type_id`,`name`,`passwd`),
  KEY `ix_auser_3` (`auser_type_id`,`email`,`name`)
) ENGINE=MyISAM DEFAULT CHARSET=utf8 COLLATE=utf8_bin AUTO_INCREMENT=12 ;

-- 
-- Дамп данных таблицы `auser`
-- 

INSERT INTO `auser` VALUES (1, 2, 143, 0x4f776e6572, 0xd0a1d0bed0b7d0b4d0b0d182d0b5d0bbd18c20d0bed0b1d18ad0b5d0bad182d0b0, 0x6f776e6572, 0x6f6e776e6572, NULL, '2006-05-18 10:39:47', NULL, NULL, 1, 0, 1, 0);
INSERT INTO `auser` VALUES (2, 1, 143, 0x41646d696e73, 0xd093d180d183d0bfd0bfd0b020d0b0d0b4d0bcd0b8d0bdd0b8d181d182d180d0b0d182d0bed180d0bed0b220d181d0b8d181d182d0b5d0bcd18b, 0x67726f7570, 0x67726f7570, NULL, '2006-05-18 10:39:47', NULL, NULL, 1, 0, 1, 0);
INSERT INTO `auser` VALUES (3, 0, 143, 0x61646d696e, '', 0x61646d696e406d6f7573652e7275, 0x24617072312470626846526f6f4e24756645572f624a785655557930426964416e7a306b2f, NULL, '2006-05-18 10:39:47', '2006-12-19 00:58:07', NULL, 1, 0, 1, 0);
INSERT INTO `auser` VALUES (4, 0, 16777215, 0x6b6c656e, 0xd09ad0bbd0b5d0bdd0bed0b220d09ad0b8d180d0b8d0bbd0bb20d0add0b4d183d0b0d180d0b4d0bed0b2d0b8d187, 0x6b6c656e2e636f6d406d61696c2e7275, 0x246170723124572f5478654d654c24716f6a754831743063456342577939596f435668362e, NULL, '2006-05-18 11:05:02', '2007-01-07 20:59:03', '2007-01-07 04:52:25', 1, 0, 1, 147);
INSERT INTO `auser` VALUES (11, 0, 1, 0x7465737432, 0xd0a2d0b5d181d182d0bed0b2d18bd0b920d0bfd0bed0bbd18cd0b7d0bed0b2d0b0d182d0b5d0bbd18c, 0x7465737440746573742e7275, '', NULL, '2006-11-08 00:31:52', NULL, NULL, 1, 0, 1, 0);
INSERT INTO `auser` VALUES (5, 0, 143, 0xd09cd183d0b7d0b020d092d0bbd0b0d0b4d0b8d0bcd0b8d180d0bed0b2d0bdd0b0, 0xd0a1d0b8d180d0bed182d0b0, 0x6d757361406d61696c2e7275, 0x2461707231244a664f3669466e3824543352656f785a5a4b57777a314a467832503732512e, NULL, '2006-10-15 12:04:48', '2006-10-15 12:30:40', NULL, 1, 0, 1, 147);
INSERT INTO `auser` VALUES (10, 1, 1, 0x54657374657273, 0xd093d180d183d0bfd0bfd0b020d182d0b5d181d182d0bed0b2d18bd18520d0bfd0bed0bbd18cd0b7d0bed0b2d0b0d182d0b5d0bbd0b5d0b9, 0x67726f7570, '', NULL, '2006-11-08 00:14:38', NULL, NULL, 1, 0, 1, 0);

-- --------------------------------------------------------

-- 
-- Структура таблицы `auser_to_auser`
-- 

DROP TABLE IF EXISTS `auser_to_auser`;
CREATE TABLE `auser_to_auser` (
  `auser_id` int(10) unsigned NOT NULL default '0',
  `parent_id` int(10) unsigned NOT NULL default '0',
  `rights` int(10) unsigned NOT NULL default '0',
  UNIQUE KEY `ix_auser_to_auser_0` (`auser_id`,`parent_id`)
) ENGINE=MyISAM DEFAULT CHARSET=utf8 COLLATE=utf8_bin;

-- 
-- Дамп данных таблицы `auser_to_auser`
-- 

INSERT INTO `auser_to_auser` VALUES (3, 2, 0);
INSERT INTO `auser_to_auser` VALUES (5, 2, 0);
INSERT INTO `auser_to_auser` VALUES (4, 2, 0);
INSERT INTO `auser_to_auser` VALUES (11, 10, 0);
INSERT INTO `auser_to_auser` VALUES (12, 13, 0);
INSERT INTO `auser_to_auser` VALUES (0, 2, 0);

-- --------------------------------------------------------

-- 
-- Структура таблицы `block`
-- 

DROP TABLE IF EXISTS `block`;
CREATE TABLE `block` (
  `block_id` int(11) NOT NULL auto_increment,
  `data_process_id` tinyint(4) NOT NULL default '0',
  `name` varchar(40) collate utf8_bin NOT NULL default '',
  `data_type_id` tinyint(4) NOT NULL default '0',
  `is_not_empty` char(1) collate utf8_bin NOT NULL default '0',
  `is_published` char(1) collate utf8_bin NOT NULL default '0',
  `is_hide_published` char(1) collate utf8_bin default '0',
  `is_shared` char(1) collate utf8_bin NOT NULL default '0',
  `is_parsed_manual` char(1) collate utf8_bin NOT NULL default '0',
  `dt_update` date NOT NULL default '0000-00-00',
  `attr` text collate utf8_bin,
  `description` varchar(255) collate utf8_bin default NULL,
  `data` text collate utf8_bin,
  PRIMARY KEY  (`block_id`)
) ENGINE=MyISAM DEFAULT CHARSET=utf8 COLLATE=utf8_bin PACK_KEYS=0 AUTO_INCREMENT=234 ;

-- 
-- Дамп данных таблицы `block`
-- 

INSERT INTO `block` VALUES (1, 0, 0x426164676573, 1, 0x31, 0x31, 0x30, 0x30, 0x30, '2007-01-10', 0x242e7374796c652830290a242e706f737450726f636573732830290a242e6361636865283336303029, 0xd091d0bbd0bed0ba20d0bad0bdd0bed0bfd0bed0ba, 0x3c626c6f636b5f636f6e74656e743e0a3c62722f3e3c62722f3e0a3c6c6920636c6173733d22627574746f6e73223e3c6120687265663d22687474703a2f2f7777772e656f6d792e6e65742f223e0a3c696d67207372633d22687474703a2f2f7777772e656f6d792e6e65742f656f6d792e6e65742e6769662220626f726465723d22302220616c743d22454f4d592e4e45543a20d0b1d0b5d181d0bfd0bbd0b0d182d0bdd18bd0b920d185d0bed181d182d0b8d0bdd0b320d0b1d0b5d0b720d180d0b5d0bad0bbd0b0d0bcd18b222f3e3c2f613e3c2f6c693e0a3c6c6920636c6173733d22627574746f6e73223e3c6120687265663d22687474703a2f2f6b6c656e2e7a6f78742e6e65742f223e3c696d67207372633d222f696d616765732f6d6f7573655f38307831352e6a70672220626f726465723d22302220616c743d22506f7765726564206279204d6f75736520434d53222f3e3c2f613e3c2f6c693e0a3c6c6920636c6173733d22627574746f6e73223e3c6120687265663d22687474703a2f2f7777772e7061727365722e72752f223e3c696d67207372633d222f696d616765732f6261646765732f7061727365722e6769662220626f726465723d22302220616c743d22506f776572656420627920506172736572222f3e3c2f613e3c2f6c693e0a3c6c6920636c6173733d22627574746f6e73223e3c6120687265663d22687474703a2f2f7777772e6170616368652e6f72672f223e3c696d67207372633d222f696d616765732f6261646765732f6170616368652e706e672220626f726465723d22302220616c743d22506f776572656420627920417061636865222f3e3c2f613e3c2f6c693e0a3c6c6920636c6173733d22627574746f6e73223e3c6120687265663d22687474703a2f2f7777772e6d7973716c2e6f72672f223e3c696d67207372633d222f696d616765732f6261646765732f6d7973716c2e706e672220626f726465723d22302220616c743d22506f7765726564206279204d7953514c222f3e3c2f613e3c2f6c693e0a3c2f626c6f636b5f636f6e74656e743e);
INSERT INTO `block` VALUES (2, 0, 0x4c656674206d656e75, 3, 0x31, 0x31, 0x30, 0x30, 0x30, '2007-01-10', 0x242e706f737450726f636573732830290a242e6361636865283336303029, 0xd09bd0b5d0b2d0bed0b520d0b8d0bbd0b820d0bfd180d0b0d0b2d0bed0b520d0bcd0b5d0bdd18e20d181d0b0d0b9d182d0b02c20d184d0b0d0bad182d0b8d187d0b5d181d0bad0b820d0bad0b0d180d182d0b0, 0x3c626c6f636b5f6e616d653e0ad09cd0b5d0bdd18e0a3c2f626c6f636b5f6e616d653e0a3c626c6f636b5f636f6e74656e743e0a3c736964656d656e752f3e0a3c2f626c6f636b5f636f6e74656e743e);
INSERT INTO `block` VALUES (3, 0, 0x476c6f62616c204a617661736372697074, 1, 0x31, 0x31, 0x30, 0x30, 0x30, '2006-12-29', 0x242e7374796c652830290d0a242e706f737450726f636573732830290d0a242e6361636865283336303029, 0xd0b1d0bbd0bed0ba20d0bfd0bed0b4d0bad0bbd18ed187d0b0d0b5d182206a61766120d181d0bad180d0b8d0bfd182d18b20d181d0b0d0b9d182d0b0, 0x3c6a7320736f757263653d222f6a732f6a712f6a712e6a73222f3e0d0a3c63737320736f757263653d222f7468656d65732f6d6f7573652f6373732f6d6f64756c65732e637373222f3e);
INSERT INTO `block` VALUES (4, 1, 0x41757468, 5, 0x31, 0x31, 0x30, 0x30, 0x30, '2007-01-10', 0x242e7374796c652830290a242e706f737450726f63657373283029, 0xd098d0bdd184d0bed180d0bcd0b0d186d0b8d18f20d0be20d0b7d0b0d0bbd0bed0b3d0b8d0bdd0b5d0bdd0bdd0bed0bc20d0bfd0bed0bbd18cd0b7d0bed0b2d0b0d182d0b5d0bbd0b52c20d0b2d18bd0b2d0bed0b420d0bbd0bed0b3d0b8d0bdd0b0, 0x3c626c6f636b5f6e616d653ed09fd0bed0bbd18cd0b7d0bed0b2d0b0d182d0b5d0bbd18c3c2f626c6f636b5f6e616d653e);
INSERT INTO `block` VALUES (5, 0, 0x41646d696e2050616e656c, 3, 0x31, 0x31, '', 0x30, 0x30, '2007-01-04', 0x242e7374796c652830290d0a242e6361636865283336303029, 0xd09fd0b0d0bdd0b5d0bbd18c20d183d0bfd180d0b0d0b2d0bbd0b5d0bdd0b8d18f, 0x3c626c6f636b5f636f6e74656e743e0d0a3c627574746f6e733e0d0a3c627574746f6e20696d6167653d2232345f786d6c2e67696622206e616d653d22786d6c2220616c743d22d092d18bd0b2d0b5d181d182d0b820786d6c20d181d182d180d0b0d0bdd0b8d186d18b22206f6e436c69636b3d2277696e646f772e6f70656e28277b246d6f7573652f7061727365722f726571756573742f7572697d3f6d6f64653d786d6c272c2027786d6c272922202f3e0d0a3c627574746f6e20696d6167653d2232345f64656275672e67696622206e616d653d2264656275672220616c743d22d0a0d0b5d0b6d0b8d0bc20d0bed182d0bbd0b0d0b4d0bad0b820d181d182d180d0b0d0bdd0b8d186d18b22206f6e436c69636b3d2277696e646f772e6f70656e28277b246d6f7573652f7061727365722f726571756573742f7572697d3f6d6f64653d6465627567272c20276465627567272922202f3e0d0a3c627574746f6e20696d6167653d2232345f6e6f63616368652e67696622206e616d653d226e6f63616368652220616c743d22d092d18bd0b2d0b5d181d182d0b820d0b1d0b5d0b720d0bad18dd188d0b022206f6e436c69636b3d2277696e646f772e6f70656e28277b246d6f7573652f7061727365722f726571756573742f7572697d3f6d6f64653d6e6f6361636865272c20276e6f6361636865272922202f3e0d0a3c627574746f6e20696d6167653d2232345f6e6364656275672e67696622206e616d653d226e6364656275672220616c743d22d09ed182d0bbd0b0d0b4d0bad0b020d0b1d0b5d0b720d0bad18dd188d0b022206f6e436c69636b3d2277696e646f772e6f70656e28277b246d6f7573652f7061727365722f726571756573742f7572697d3f6d6f64653d6e636465627567272c20276e6f6361636865272922202f3e0d0a3c2f627574746f6e733e0d0a3c2f626c6f636b5f636f6e74656e743e);
INSERT INTO `block` VALUES (6, 0, 0xd0bdd183d0b6d0b5d0bd20d0bbd0b820d18f20d0bdd0b020d0b3d0bbd0b0d0b2d0bdd0bed0b93720d18f20d0bfd180d18fd187d18320d0bbd0bed0b0d0b4d0b8d0bdd0b3, 9, 0x30, 0x31, 0x30, 0x30, 0x30, '2006-11-05', 0x242e7374796c65283029, 0xd09fd0bed0b4d0b3d180d183d0b7d0bad0b0206a61766120d181d0bad180d0b8d0bfd182d0bed0b2, 0x3c6a735f686561643e202428646f63756d656e74292e72656164792866756e6374696f6e2829207b20242827236c6f6164696e67416a617827292e6869646528293b207d293b203c2f6a735f686561643e);
INSERT INTO `block` VALUES (7, 2, 0x4e657773, 7, 0x30, 0x31, 0x30, 0x30, 0x30, '2007-01-10', 0x242e7374796c652830290a242e636163686528333030290a242e706f737450726f636573732830290a242e61727469636c655f747970655f69642831290a, 0xd0a3d0bfd180d0b0d0b2d0bbd0b5d0bdd0b8d0b520d181d182d0b0d182d18cd18fd0bcd0b82c20d0bdd0bed0b2d0bed181d182d0b82c20d0b0d0bdd0bed0bdd181d0b0d0bcd0b820d0b820d182d0bf2e, '');
INSERT INTO `block` VALUES (8, 3, 0x5068796c6f736f706879, 7, 0x30, 0x31, 0x30, 0x30, 0x30, '2006-12-29', 0x242e7374796c652830290d0a242e636163686528333030290d0a242e706f737450726f63657373283029, 0xd092d18bd0b2d0bed0b4d0b8d18220d181d0bbd183d187d0b0d0b9d0bdd18bd0b920d0b0d184d0bed180d0b8d0b7d0bc, '');
INSERT INTO `block` VALUES (9, 4, 0x43616c656e646172, 7, 0x31, 0x31, 0x30, 0x30, 0x30, '2007-01-10', 0x242e7374796c652830290a242e636163686528333030290a242e706f737450726f63657373283029, 0xd092d18bd0b2d0bed0b4d0b8d18220d0bad0b0d0bbd0b5d0bdd0b4d0b0d180d18c20d0bdd0bed0b2d0bed181d182d0b5d0b92c20d181d182d0b0d182d0b5d0b920d0b820d182d0bf2e, 0x3c626c6f636b5f6e616d653ed09ad0b0d0bbd0b5d0bdd0b4d0b0d180d18c3c2f626c6f636b5f6e616d653e);
INSERT INTO `block` VALUES (10, 0, 0x536974656d6170, 3, 0x31, 0x31, 0x30, 0x30, 0x30, '2006-12-26', 0x20242e7374796c652830290d0a242e636163686528333030290d0a242e706f737450726f63657373283029, 0xd09ad0b0d180d182d0b020d181d0b0d0b9d182d0b0, 0x3c626c6f636b5f636f6e74656e743e3c6d61703e3c2f6d61703e3c2f626c6f636b5f636f6e74656e743e20);
INSERT INTO `block` VALUES (11, 0, 0x546f70206d656e75, 3, 0x31, 0x31, 0x30, 0x30, 0x30, '2006-12-26', 0x242e7374796c652830290d0a242e636163686528333030290d0a242e706f737450726f63657373283029, 0xd092d18bd0b2d0bed0b4d0b8d18220d0bed181d0bdd0bed0b2d0bdd0bed0b520d0bcd0b5d0bdd18e, 0x3c6d656e753e3c2f6d656e753e0d0a);
INSERT INTO `block` VALUES (12, 5, 0x5265672f45646974, 1, 0x31, 0x31, '', 0x30, 0x30, '2006-12-26', 0x242e7374796c652830290d0a242e63616368652833303029, 0xd0a0d0b5d0b3d0b8d181d182d180d0b0d186d0b8d18f20d0b820d0b8d0b7d0bcd0b5d0bdd0b5d0bdd0b8d0b520d0bbd0b8d187d0bdd18bd18520d0b4d0b0d0bdd0bdd18bd18520d0bfd0bed0bbd18cd0b7d0bed0b2d0b0d182d0b5d0bbd0b5d0b9, 0x3c666f726d206d6574686f643d22706f73742220616374696f6e3d2222206e616d653d22666f726d5f636f6e74656e74222069643d22666f726d5f636f6e74656e742220656e63747970653d226d756c7469706172742f666f726d2d6461746122206c6162656c3d224d4f55534520434d53207c20d0a0d0b5d0b3d0b8d181d182d180d0b0d186d0b8d18f202f20d098d0b7d0bcd0b5d0bdd0b5d0bdd0b8d0b520d0bfd0b0d180d0b0d0bcd0b5d182d180d0bed0b220223e0d0a3c6669656c6420747970653d227465787422206e616d653d22617574682e6e616d6522206c6162656c3d22d09bd0bed0b3d0b8d0bd22206465736372697074696f6e3d22d09bd0bed0b3d0b8d0bd20d0b4d0bbd18f20d0b2d185d0bed0b4d0b020d0b220d181d0b8d181d182d0b5d0bcd1832220636c6173733d226d656469756d223e3c6d6f7573653a76616c7565206e616d653d226175746822206b65793d227573657222206669656c643d226e616d65222f3e3c2f6669656c643e0d0a3c6669656c6420747970653d227465787422206e616d653d22617574682e70617373776422206c6162656c3d22d09fd0b0d180d0bed0bbd18c22206465736372697074696f6e3d22d092d0b2d0bed0b42fd0b8d0b7d0bcd0b5d0bdd0b5d0bdd0b8d0b520d0bfd0b0d180d0bed0bbd18f2220636c6173733d226d656469756d223e3c2f6669656c643e0d0a3c6669656c6420747970653d227465787422206e616d653d22617574682e7061737377645f636f6e6669726d22206c6162656c3d22d09fd0bed0b4d182d0b2d0b5d180d0b6d0b4d0b5d0bdd0b8d0b520d0bfd0b0d180d0bed0bbd18f22206465736372697074696f6e3d22d09fd0bed0b2d182d0bed180d0b8d182d0b520d0b5d181d0bbd0b820d0b2d18b20d0b2d0b2d0bed0b4d0b8d182d0b52fd0b8d0b7d0bcd0b5d0bdd18fd0b5d182d0b520d0bfd0b0d180d0bed0bbd18c2220636c6173733d226d656469756d223e3c2f6669656c643e0d0a3c6669656c6420747970653d227465787422206e616d653d22617574682e656d61696c22206c6162656c3d22452d6d61696c22206465736372697074696f6e3d22d090d0b4d180d0b5d18120d18dd0bbd0b5d0bad182d180d0bed0bdd0bdd0bed0b920d0bfd0bed187d182d18b2220636c6173733d226d656469756d223e3c6d6f7573653a76616c7565206e616d653d226175746822206b65793d227573657222206669656c643d22656d61696c222f3e3c2f6669656c643e0d0a3c6669656c6420747970653d22746578746172656122206e616d653d226465736372697074696f6e22206c6162656c3d22d09ed0bfd0b8d181d0b0d0bdd0b8d0b522206465736372697074696f6e3d22d09dd0b5d0bcd0bdd0bed0b3d0be20d0be20d181d0b5d0b1d0b5223e3c6d6f7573653a76616c7565206e616d653d226175746822206b65793d227573657222206669656c643d226465736372697074696f6e222f3e3c2f6669656c643e0d0a3c6669656c6420747970653d2268696464656e22206e616d653d227265676973746572222076616c75653d22646f223e646f3c2f6669656c643e0d0a3c6669656c6420747970653d227375626d697422206e616d653d22646f222076616c75653d22d0a1d0bed185d180d0b0d0bdd0b8d182d18c223ed0a1d0bed185d180d0b0d0bdd0b8d182d18c3c2f6669656c643e0d0a3c6669656c6420747970653d22726573657422206e616d653d227265736574222076616c75653d22d09ed187d0b8d181d182d0b8d182d18c223ed09ed187d0b8d181d182d0b8d182d18c3c2f6669656c643e0d0a3c2f666f726d3e);
INSERT INTO `block` VALUES (13, 0, 0x53697465206572726f72, 3, 0x31, 0x31, 0x30, 0x30, 0x30, '2007-01-04', '', 0xd091d0bbd0bed0ba20d0bed0b1d180d0b0d0b1d0b0d182d18bd0b2d0b0d18ed189d0b8d0b920d0b8d0bdd184d0bed180d0bcd0b0d186d0b8d18e20d0bed0b120d0bed188d0b8d0b1d0bad0b0d18520d181d0b8d181d182d0b5d0bcd18b, 0x3c626c6f636b5f636f6e74656e743e0a3c68333ed0a2d0b8d0bf20d0bed188d0b8d0b1d0bad0b83a203c2f68333e0a3c62722f3e0a3c703e0a3c6d6f7573653a6d6574686f64206e616d653d2273656c656374223e0a242e6e616d655b7b246d6f7573652f7061727365722f666f726d2f6572726f727d5d0a242e76616c75655b636d732e3430345d0a242e747275655bd097d0b0d0bfd180d0b0d188d0b8d0b2d0b0d0b5d0bcd0b0d18f20d0b2d0b0d0bcd0b820d181d182d180d0b0d0bdd0b8d186d0b020277b246d6f7573652f7061727365722f666f726d2f75726c7d2720d0bdd0b5d0b4d0bed181d182d183d0bfd0bdd0b02c20d0bfd0bed0b6d0b0d0bbd183d0b9d181d182d0b020d0b2d0bed181d0bfd0bed0bbd18cd0b7d183d0b9d182d0b5d181d18c20d0bad0b0d180d182d0bed0b920d181d0b0d0b9d182d0b02e5d0a3c2f6d6f7573653a6d6574686f643e0a3c6d6f7573653a6d6574686f64206e616d653d2273656c656374223e0a242e6e616d655b7b246d6f7573652f7061727365722f666f726d2f6572726f727d5d0a242e76616c75655b636d732e3430335d0a242e747275655bd0a320d0b2d0b0d18120d0bdd0b5d0b4d0bed181d182d0b0d182d0bed187d0bdd0be20d0bfd180d0b0d0b220d0b4d0bbd18f20d0b7d0b0d0bfd180d0b0d188d0b8d0b2d0b0d0b5d0bcd0bed0b3d0be20d0b2d0b0d0bcd0b820d180d0b0d0b7d0b4d0b5d0bbd0b020277b246d6f7573652f7061727365722f666f726d2f75726c7d272c20d0bfd0bed0b6d0b0d0bbd183d0b9d181d182d0b020d0b2d0bed181d0bfd0bed0bbd18cd0b7d183d0b9d182d0b5d181d18c20d0bad0b0d180d182d0bed0b920d181d0b0d0b9d182d0b02e5d0a3c2f6d6f7573653a6d6574686f643e0a3c2f703e0a3c2f626c6f636b5f636f6e74656e743e);
INSERT INTO `block` VALUES (14, 0, 0x41646d696e2054726565, 9, 0x31, 0x31, 0x30, 0x30, 0x30, '2007-01-07', 0x242e7374796c652830290a242e63616368652833303029, 0xd0a3d0bfd180d0b0d0b2d0bbd0b5d0bdd0b8d0b520d0bed0b1d18ad0b5d0bad182d0b0d0bcd0b8, 0x3c626c6f636b5f636f6e74656e743e0a3c6a715f6f626a6563742075726c3d227b246d6f7573652f6372644f626a6563742f382f66756c6c5f706174687d223e0a3c6272616e6368652069643d223022206e616d653d22d09ad0bed180d0bdd0b5d0b2d0bed0b520d0bfd180d0bed181d182d180d0b0d0bdd181d182d0b2d0be2220706172656e745f69643d223022207468726561645f69643d2230222066756c6c5f706174683d22223e0a3c6d6f7573653a6d6574686f64206e616d653d2274726565223e0a242e6e616d655b6372644f626a6563745d0a3c2f6d6f7573653a6d6574686f643e0a3c2f6272616e6368653e0a3c2f6a715f6f626a6563743e0a3c2f626c6f636b5f636f6e74656e743e0a);
INSERT INTO `block` VALUES (15, 0, 0x41646d696e204a617661736372697074, 9, 0x31, 0x31, 0x30, 0x30, 0x30, '2007-01-10', 0x242e7374796c652830290a242e63616368652833303029, '', 0x3c6a7320736f757263653d222f7468656d65732f6d6f7573652f6a732f7461626c652e6a7322202f3e0a3c6a7320736f757263653d222f7468656d65732f6d6f7573652f6a732f746162732e6a7322202f3e0a3c6a7320736f757263653d222f7468656d65732f6d6f7573652f6a732f61646d696e2e6a7322202f3e0a3c6a735f686561643e0a2428646f63756d656e74292e72656164792866756e6374696f6e28297b0a24282223636f6e7461696e657222292e6c6f616428272f636f6e74726f6c2f61646d696e2f3f7b246d6f7573652f7061727365722f666f726d2f616c6c7d272c2066756e6374696f6e2829207b242827237461627327292e7461627328312c7b6678466164653a20747275652c20667853706565643a202766617374277d293b7d293b0a0a7d290a242822236c6f6164696e67416a617822292e616a61785374617274282066756e6374696f6e202829207b242874686973292e73686f7728297d292e616a617853746f70282066756e6374696f6e202829207b242874686973292e6869646528297d290a3c2f6a735f686561643e0a3c63737320736f757263653d222f7468656d65732f6d6f7573652f6373732f7461626c652d6275696c6465722e637373222f3e0a3c63737320736f757263653d222f7468656d65732f6d6f7573652f6373732f666f726d2d6275696c6465722e637373222f3e0a3c626c6f636b5f636f6e74656e743e0a3c6469762069643d226c6f6164696e67416a6178223e3c6c693e3c696d67207372633d222f696d616765732f6c6f6164696e672e676966222f3e20d0b7d0b0d0b3d180d183d0b7d0bad0b0203c2f6c693e3c2f6469763e0a3c2f626c6f636b5f636f6e74656e743e);
INSERT INTO `block` VALUES (16, 6, 0x41646d696e, 1, 0x30, 0x31, 0x30, 0x30, 0x30, '2006-12-26', 0x242e7374796c652830290d0a, 0xd091d0bbd0bed0ba20d0b0d0b4d0bcd0b8d0bdd0b8d181d182d180d0b8d180d0bed0b2d0b0d0bdd0b8d18f, '');
INSERT INTO `block` VALUES (17, 9, 0x466f72756d, 8, 0x31, 0x31, 0x30, 0x30, 0x30, '2006-12-29', 0x242e7374796c65283029, 0xd092d18bd0b2d0bed0b420d0b4d0b5d180d0b5d0b2d0b020d0b820d181d0bed0bed0b1d189d0b5d0bdd0b8d0b920d184d0bed180d183d0bcd0b0, 0x3c6a735f666f6f7465723e0d0a3c215b43444154415b0d0a66756e6374696f6e20706f70585465787441726561286e616d65290d0a7b0d0a20202020775f6c6f636174696f6e3d272f77796d656469746f722f656469746f722e68746d6c3f6e616d653d272b6e616d653b0d0a20202020775f6e616d653d27d0a0d0b5d0b4d0b0d0bad182d0b8d180d0bed0b2d0b0d0bdd0b8d0b5273b0d0a20202020775f77696474683d2877696e646f772e696e6e65725769647468292d3330303b0d0a20202020775f6865696768743d2877696e646f772e696e6e6572486569676874292d3130303b0d0a20202020775f6c6566743d2877696e646f772e696e6e65725769647468202d20775f776964746820292f323b0d0a20202020775f746f703d2877696e646f772e696e6e6572486569676874202d20775f68656967687420292f323b0d0a20202020773d77696e646f772e6f70656e28775f6c6f636174696f6e2c20775f6e616d652c20276c6566743d272b775f6c6566742b272c20746f703d272b775f746f702b272c2077696474683d272b775f77696474682b272c206865696768743d272b775f6865696768742b272c207374617475733d7965732c20726573697a61626c653d7965732c207363726f6c6c626172733d79657327293b0d0a20202020772e666f63757328293b0d0a20202020656c656d733d646f63756d656e742e676574456c656d656e747342794e616d65286e616d65293b0d0a20202020656c656d735b305d2e64697361626c65643d747275653b0d0a20202020656c656d735b305d2e6f6e636c69636b3d276e65772066756e6374696f6e7b772e666f63757328297d273b0d0a7d0d0a5d5d3e0d0a3c2f6a735f666f6f7465723e);
INSERT INTO `block` VALUES (229, 9, 0x466f72756d4c617374, 1, 0x31, 0x31, 0x30, 0x30, 0x30, '2007-01-10', 0x242e6c6173742831290a242e7572695b2f666f72756d2f5d0a242e63616368652833303029, 0xd092d18bd0b2d0bed0b420d0bfd0bed181d0bbd0b5d0b4d0bdd0b8d18520313520d181d0bed0bed0b1d189d0b5d0bdd0b8d0b920d184d0bed180d183d0bcd0b0, 0x3c626c6f636b5f6e616d653ed0a4d0bed180d183d0bc3c2f626c6f636b5f6e616d653e);
INSERT INTO `block` VALUES (230, 2, 0x4e657773525353, 7, 0x30, 0x31, 0x30, 0x30, 0x30, '2007-01-10', 0x242e7374796c652830290a242e636163686528333030290a242e706174685b2f5d, 0x52535320d0bdd0bed0b2d0bed181d182d0b5d0b9, '');
INSERT INTO `block` VALUES (231, 9, 0x466f72756d4c617374525353, 1, 0x30, 0x31, 0x30, 0x30, 0x30, '2006-12-29', 0x242e6c6173742831290d0a242e7572695b2f666f72756d2f5d0d0a242e63616368652833303029, 0x52535320d0bfd0bed181d0bbd0b5d0b4d0bdd0b8d18520313520d181d0bed0bed0b1d189d0b5d0bdd0b8d0b920d184d0bed180d183d0bcd0b0, '');
INSERT INTO `block` VALUES (232, 0, 0x446f63, 1, 0x31, 0x31, 0x30, 0x30, 0x30, '2006-12-29', 0x242e7374796c652830290d0a242e636163686528333030290d0a242e706f737450726f63657373283029, 0xd0a1d0bed0b4d0b5d180d0b6d0b0d0bdd0b8d0b520d180d0b0d0b7d0b4d0b5d0bbd0b020d0b4d0bed0bad183d0bcd0b5d0bdd182d0b0d186d0b8d18f, 0x3c626c6f636b5f636f6e74656e743e3c68323ed093d0b4d0b520d187d0b5d180d18220d0bfd0bed0b1d0b5d180d0b820d0b4d0bed0bad183d0bcd0b5d0bdd182d0b0d186d0b8d18f3f213c2f68323e3c62722f3e3c62722f3e3c703ed094d0bed0bad183d0bcd0b5d0bdd182d0b0d186d0b8d18f3f20d09220d0bfd180d0bed186d0b5d181d181d0b52120d09a20d181d0bed0b6d0b0d0bbd0b5d0bdd0b8d18e20d18f20d0bdd0b520d0bcd0bdd0bed0b3d0bed180d183d0bad0b8d0b920d188d0b5d181d182d0b8d0bbd0b0d0bf20d0b820d0b8d0bdd0bed0b3d0b4d0b020d0bed182d0b4d18bd185d0b0d18e2e3c2f703e3c703e3c656d3ed09fd180d0bed181d0b8d182d0b520d0b820d0b4d0b0d0bdd0be20d0b2d0b0d0bc20d0b1d183d0b4d0b5d1822e2e2e20d09020d0bfd0bed0bad0b020d0bfd0bed187d0b8d182d0b0d0b9d182d0b5203c61207469746c653d224d4f555345207c204641512220687265663d226661712f223e4641513c2f613e3c6272202f3e3c2f656d3e3c2f703e3c2f626c6f636b5f636f6e74656e743e);
INSERT INTO `block` VALUES (233, 0, 0x464151, 1, 0x31, 0x31, 0x30, 0x30, 0x30, '2006-12-29', 0x242e7374796c652830290d0a242e636163686528333030290d0a242e706f737450726f63657373283029, 0x46415120d181d0bed0b4d0b5d180d0b6d0b0d0bdd0b8d0b5, 0x3c626c6f636b5f636f6e74656e743e3c6f6c2069643d226630223e3c6c693e3c61207469746c653d222220687265663d22236631223ed0a7d182d0be20d182d0b0d0bad0bed0b5204d6f7573653f3c2f613e3c2f6c693e3c6c693e3c61207469746c653d222220687265663d22236632223ed0a1d0b8d181d182d0b5d0bcd0bdd18bd0b520d182d180d0b5d0b1d0bed0b2d0b0d0bdd0b8d18f2e3c2f613e3c2f6c693e3c6c693e3c61207469746c653d222220687265663d22236633223ed0a3d181d182d0b0d0bdd0bed0b2d0bad0b02e3c2f613e3c2f6c693e3c6c693e3c61207469746c653d222220687265663d22236634223ed090d0b2d182d0bed180d0b8d0b7d0b0d186d0b8d18f20d0b820d0b4d0bed181d182d183d0bf20d0ba20d0bfd0b0d0bdd0b5d0bbd0b820d0b0d0b4d0bcd0b8d0bdd0b8d181d182d180d0b8d180d0bed0b2d0b0d0bdd0b8d18f2e3c2f613e3c2f6c693e3c6c693e3c6272202f3e3c2f6c693e3c2f6f6c3e3c68332069643d226631223e312e20d0a7d182d0be20d182d0b0d0bad0bed0b5204d6f7573653f3c2f68333e3c703e3c7374726f6e673e4d6f7573653c2f7374726f6e673e202d20d18dd182d0be20d181d0b8d181d182d0b5d0bcd0b020d181d0bed0b7d0b4d0b0d0bdd0b8d18f20d0b820d183d0bfd180d0b0d0b2d0bbd0b5d0bdd0b8d18f20d181d0b0d0b9d182d0b0d0bcd0b820d0bdd0b0d0bfd0b8d181d0b0d0bdd0bdd0b0d18f20d0bdd0b020d18fd0b7d18bd0bad0b5203c7374726f6e673e5061727365723c2f7374726f6e673e2e20d0a0d0b0d0b7d180d0b0d0b1d0b0d182d18bd0b2d0b0d0b5d182d181d18f20d18120d181d0b5d0bdd182d18fd0b1d180d18f203230303620d0b3d0bed0b4d0b02c20d0bfd0bed0b420d0bbd0b8d186d0b5d0bdd0b7d0b8d0b5d0b9203c7374726f6e673e3c61207469746c653d222220687265663d22687474703a2f2f7777772e676e752e6f72672f6c6963656e7365732f67706c2e68746d6c223e474e552047504c3c2f613e3c2f7374726f6e673e20d182d0be20d0b5d181d182d18c20d0b4d0b2d0b8d0b6d0bed0ba20d0bed182d0bad180d18bd182d18bd0b920d0b820d0b1d0b5d181d0bfd0bbd0b0d182d0bdd18bd0b92e3c2f703e3c703e3c7374726f6e673e4d6f7573653c2f7374726f6e673e202d20d0bdd0b5d0bfd0bed0bbd0bdd0bed186d0b5d0bdd0bdd18bd0b920d0bfd180d0bed0b4d183d0bad18220d0b820d0b4d0b0d0b6d0b520d0bdd0b5203c7374726f6e673e626574613c2f7374726f6e673e2c20d0bdd0be20d18120d0b5d0b3d0be20d0bfd0bed0bcd0bed189d18cd18e20d183d0b6d0b520d181d0b5d0b9d187d0b0d18120d0bcd0bed0b6d0bdd0be20d0b4d0b5d0bbd0b0d182d18c20d181d0b0d0b9d182d18b2c20d0bdd0b0d0bfd180d0b8d0bcd0b5d18020d18dd182d0bed1822e20d09dd0b520d181d182d0bed0b8d18220d181d180d0b0d0b2d0bdd0b8d0b2d0b0d182d18c20d181d0b8d181d182d0b5d0bcd18320d0b220d0bdd18bd0bdd0b5d188d0bdd0b5d0bc20d181d0bed181d182d0bed18fd0bdd0b8d0b820d18120d0b4d180d183d0b3d0b8d0bcd0b820d180d0b0d0b1d0bed182d0b0d18ed189d0b8d0bcd0b8203c7374726f6e673e434d533c2f7374726f6e673e2e203c2f703e3c703e3c61207469746c653d222220687265663d22236630223ed0b2d0b5d180d0bdd183d182d18cd181d18f20d0ba20d0bed0b3d0bbd0b0d0b2d0bbd0b5d0bdd0b8d18e3c2f613e3c2f703e3c703e3c61207469746c653d222220687265663d22236630223e3c6272202f3e3c2f613e3c2f703e3c68332069643d226632223e322e20d0a1d0b8d181d182d0b5d0bcd0bdd18bd0b520d182d180d0b5d0b1d0bed0b2d0b0d0bdd0b8d18f2e3c2f68333e3c703e3c7374726f6e673e41706163686520312e332e783c2f7374726f6e673e202667743b2c203c61207469746c653d222220687265663d22687474703a2f2f7777772e7061727365722e7275223e3c7374726f6e673e50617273657220332e303c2f7374726f6e673e3c2f613e202667743b202c203c7374726f6e673e4d7953514c20342e302e31383c2f7374726f6e673e202667743b2c0d0ad182d0b0d0bad0b6d0b520d0bfd0bed0bad0b020d0bdd183d0b6d0bdd0b020d0bfd0bed0b4d0b4d0b5d180d0b6d0bad0b020d0bcd0bed0b4d183d0bbd18f202d0d0a3c7374726f6e673e6d6f645f726577726974653c2f7374726f6e673e2028d0b220d0b1d183d0b4d183d189d0b5d0bc20d0bed182d0bfd0b0d0b4d0b5d182292e203c7374726f6e673e4d6f7573653c2f7374726f6e673e20d182d0b5d181d182d0b8d180d0bed0b2d0b0d0bbd181d18f20d0b820d180d0b0d0b7d180d0b0d0b1d0b0d182d18bd0b2d0b0d0bbd181d18f20d0b2203c7374726f6e673e4d6f7a696c6c612046697265666f783c2f7374726f6e673e2c20d0bdd0be20d0bcd0bed0b6d0b5d18220d0b1d18bd182d18c20d0b0d0b4d0b0d0bfd182d0b8d180d0bed0b2d0b0d0bd20d0b4d0bbd18f20d0bbd18ed0b1d0bed0b3d0be20d0b1d180d0b0d183d0b7d0b5d180d0b02e20d0a2d0b0d0bad0b6d0b520d182d0b5d0bed180d0b5d182d0b8d187d0b5d181d0bad0b8203c7374726f6e673e4d6f7573653c2f7374726f6e673e20d0bcd0bed0b6d0b5d18220d180d0b0d0b1d0bed182d0b0d182d18c20d18120d0bbd18ed0b1d0bed0b920d091d0942c20d0bdd0be20d0bdd0b020d0bfd180d0b0d0bad182d0b8d0bad0b520d0bed182d0bbd0b0d0b4d0bad0b020d18120d0b4d180d183d0b3d0b8d0bcd0b820d0b1d0b0d0b7d0b0d0bcd0b820d0bdd0b520d0bfd180d0bed0b8d0b7d0b2d0bed0b4d0b8d0bbd0b0d181d18c2e3c2f703e3c703e3c7374726f6e673ed098d0bdd181d182d180d183d0bad186d0b8d0b820d0b4d0bbd18f206d6f645f726577726974653a3c2f7374726f6e673e3c2f703e3c7072653e3c7374726f6e673e52657772697465456e67696e65206f6e3c6272202f3e526577726974654f7074696f6e7320696e68657269743c6272202f3e52657772697465436f6e6409257b524551554553545f46494c454e414d457d09212d663c6272202f3e52657772697465436f6e6409257b524551554553545f46494c454e414d457d09212d643c6272202f3e5265777269746552756c65095e282e2a292409696e6465782e68746d6c3f7572693d2f2431205b5153412c4c5d3c6272202f3e3c2f7374726f6e673e3c2f7072653e3c703e3c61207469746c653d222220687265663d22236630223ed0b2d0b5d180d0bdd183d182d18cd181d18f20d0ba20d0bed0b3d0bbd0b0d0b2d0bbd0b5d0bdd0b8d18e3c2f613e3c2f703e3c703e3c61207469746c653d222220687265663d22236630223e3c6272202f3e3c2f613e3c2f703e3c68332069643d226633223e332e20d0a3d181d182d0b0d0bdd0bed0b2d0bad0b02e3c2f68333e3c703ed094d0bbd18f20d182d0bed0b3d0be20d187d182d0bed0b1d18b20d183d181d182d0b0d0bdd0bed0b2d0b8d182d18c203c7374726f6e673e4d6f7573653c2f7374726f6e673e2c20d092d0b0d0bc20d0bdd0b5d0bed0b1d185d0bed0b4d0b8d0bcd0be20d181d0bad0b0d187d0b0d182d18c20d0b5d0b3d0be20d0b820d180d0b0d181d0bfd0b0d0bad0bed0b2d0b0d182d18c20d0bfd0b0d0bfd0bad18320d181d0be20d181d0bad180d0b8d0bfd182d0b0d0bcd0b820d0b220d181d0b2d0bed18e20d0b4d0bed0bcd0b0d188d0bdd18ed18e20d0b4d0b8d180d0b5d0bad182d0bed180d0b8d18e2e20d0a1d0b0d0bcd0bed0b520d0bfd180d0bed181d182d0bed0b920d181d0bfd0bed181d0bed0b120d181d0bad0b0d187d0b0d182d18c203c7374726f6e673e4d6f7573653c2f7374726f6e673e20d18120d181d0b0d0b9d182d0b0203c61207469746c653d222220687265663d227777772e6b6c656e2e7a6f78742e6e65742f66696c65732f223e7777772e6b6c656e2e7a6f78742e6e65743c2f613e2e20d09fd0bed181d0bbd0b520d182d0bed0b3d0be20d0bad0b0d0ba20d092d18b20d180d0b0d181d0bfd0b0d0bad0bed0b2d0b0d0bbd0b820d0bfd0b0d0bfd0bad1832c20d0bdd0b0d0b1d0b5d180d0b8d182d0b520d0b220d0b0d0b4d180d0b5d181d0bdd0bed0b920d181d182d180d0bed0bad0b520d0b0d0b4d180d0b5d1812c266e6273703b266e6273703b20d0bfd0be266e6273703b266e6273703b20d0bad0bed182d0bed180d0bed0bcd183266e6273703b266e6273703b20d180d0b0d181d0bfd0bed0bbd0b0d0b3d0b0d0b5d182d181d18f266e6273703b266e6273703b20d0bfd0b0d0bfd0bad0b0266e6273703b266e6273703b20d181266e6273703b266e6273703b203c7374726f6e673e4d6f7573653c2f7374726f6e673e20266e6273703b20d0b8266e6273703b266e6273703b20d0b4d0bed0b1d0b0d0b2d18cd182d0b5266e6273703b266e6273703b20d0b2266e6273703b266e6273703b20d0bad0bed0bdd186d0b5266e6273703b203c7374726f6e673e696e7374616c6c2f696e7374616c6c2e68746d6c3c2f7374726f6e673e2e20d09a20d0bfd180d0b8d0bcd0b5d180d1832c20d0b5d181d0bbd0b820d092d18b20d0bfd0bed0bcd0b5d181d182d0b8d0bbd0b8203c7374726f6e673e4d6f7573653c2f7374726f6e673e20d0b220d0bfd0b0d0bfd0bad1833a266e6273703b203c7374726f6e673e643a2f7365727665722f6170616368652f6874646f63732f6d6f7573652f3c2f7374726f6e673e2c20d182d0be20d0bdd0b0d0b1d0b5d180d0b8d182d0b520d181d0bbd0b5d0b4d183d18ed189d0b8d0b920d0b0d0b4d180d0b5d1813a203c7374726f6e673e687474703a2f2f6c6f63616c686f73742f6d6f7573652f696e7374616c6c2f696e7374616c6c2e68746d6c3c2f7374726f6e673e266e6273703b20d09fd0bed181d0bbd0b5266e6273703b266e6273703b20d187d0b5d0b3d0be266e6273703b266e6273703b20d0b1d183d0b4d0b5d182266e6273703b266e6273703b20d0bfd180d0bed0b8d0b7d0b2d0b5d0b4d0b5d0bdd0b0266e6273703b266e6273703b20d183d181d182d0b0d0bdd0bed0b2d0bad0b02c20d181d0bed181d182d0bed18fd189d0b0d18f20d0b8d0b720332dd18520d188d0b0d0b3d0bed0b23a3c2f703e3c756c3e3c6c693e312e20d0a3d0bad0b0d0b6d0b8d182d0b520d185d0bed181d1822c20d181d0b5d180d0b2d0b5d18020d0b820d0b8d0bcd18f20d091d0942c20d0b8d0bcd18f20d0bfd0bed0bbd18cd0b7d0bed0b2d0b0d182d0b5d0bbd18f20d0b820d0bfd0b0d180d0bed0bbd18c20d0b4d0bed181d182d183d0bfd0b020d0ba20d091d0942028d091d09420d0b4d0bed0bbd0b6d0bdd0b020d0b1d18bd182d18c20d181d0bed0b7d0b4d0b0d0bdd0b0292e20d0a1d0bad180d0b8d0bfd18220d183d181d182d0b0d0bdd0bed0b2d0bad0b8266e6273703b20d181d0b4d0b5d0bbd0b0d0b5d18220d0b7d0b0d0bfd0b8d181d0b820d0b220d0b1d0b0d0b7d0b520d0b820d0bfd0b5d180d0b5d0bdd0b5d181d0b5d18220d0bdd0b5d0bed0b1d185d0bed0b4d0b8d0bcd18bd0b520d0b4d0bbd18f204d6f75736520d184d0b0d0b9d0bbd18b20d0bdd0b020d181d0b5d180d0b2d0b5d1802e3c2f6c693e3c6c693ed09220d181d0bbd183d187d0b0d0b520d183d181d0bfd0b5d188d0bdd0bed0b3d0be20d0bfd180d0bed185d0bed0b6d0b4d0b5d0bdd0b8d18f20d0bfd180d0b5d0b2d0b5d0b4d183d189d0b5d0b3d0be20d0bfd183d0bdd0bad182d0b020d181d0bad180d0b8d0bfd18220d0bfd180d0b5d0b4d0bbd0bed0b6d0b8d18220d0b2d0b2d0b5d181d182d0b820d0bfd0b0d180d0bed0bbd18c20d0bfd0bed0bbd18cd0b7d0bed0b2d0b0d182d0b5d0bbd18f2061646d696e3c2f6c693e3c6c693ed09fd180d0b820d0bdd0b0d0b6d0b0d182d0b8d0b820d0bdd0b020d09ed09a20d181d0bad180d0b8d0bfd18220d183d0b4d0b0d0bbd0b8d18220696e7374616c6c20d0b820d0bfd0b5d180d0b5d0bdd0b0d0bfd180d0b0d0b2d0b8d18220d0b2d0b0d18820d0b1d180d0bed183d0b7d0b5d18020d0bdd0b020d0b3d0bbd0b0d0b2d0bdd183d18e20d181d182d180d0b0d0bdd0b8d186d18320d182d0bed0bbd18cd0bad0be20d187d182d0be20d183d181d182d0b0d0bdd0bed0b2d0bbd0b5d0bdd0bdd0bed0b920d181d0b8d181d182d0b5d0bcd18b2e3c2f6c693e3c2f756c3e3c703e3c61207469746c653d222220687265663d22236630223ed0b2d0b5d180d0bdd183d182d18cd181d18f20d0ba20d0bed0b3d0bbd0b0d0b2d0bbd0b5d0bdd0b8d18e3c2f613e3c2f703e3c703e3c61207469746c653d222220687265663d22236630223e3c6272202f3e3c2f613e3c2f703e3c68332069643d226634223e342e20d090d0b2d182d0bed180d0b8d0b7d0b0d186d0b8d18f20d0b820d0b4d0bed181d182d183d0bf20d0ba20d0bfd0b0d0bdd0b5d0bbd0b820d0b0d0b4d0bcd0b8d0bdd0b8d181d182d180d0b8d180d0bed0b2d0b0d0bdd0b8d18f2e3c6272202f3e3c2f68333e3c703ed094d0bbd18f20d182d0bed0b3d0be20d187d182d0bed0b1d18b20d0bfd0bed0bbd183d187d0b8d182d18c20d0b4d0bed181d182d183d0bf20d0ba20d0b0d0b4d0bcd0b8d0bdd0b8d181d182d180d0b0d182d0b8d0b2d0bdd0bed0bcd18320d180d0b0d0b7d0b4d0b5d0bbd18320d092d0b0d0bc20d0bdd0b5d0bed0b1d185d0bed0b4d0b8d0bcd0be20d0b0d0b2d182d0bed180d0b8d0b7d0b8d180d0bed0b2d0b0d182d18cd181d18f2028d0bdd0b0d0bfd180d0b8d0bcd0b5d18020d0bdd0b020d0b3d0bbd0b0d0b2d0bdd0bed0b920d181d182d180d0b0d0bdd0b8d186d0b52920d092d0b2d0b5d0b4d0b8d182d0b520d0b8d0bcd18f20d0bfd0bed0bbd18cd0b7d0bed0b2d0b0d182d0b5d0bbd18f2061646d696e20d0b820d0bfd0b0d180d0bed0bbd18c20d0b7d0b0d0b4d0b0d0bdd0bdd18bd0b920d0b5d0bcd18320d0bfd180d0b820d183d181d182d0b0d0bdd0bed0b2d0bad0b52e20d09220d0b4d0b0d0bbd18cd0bdd0b5d0b9d188d0b5d0bc20d0b2d18b20d181d0bcd0bed0b6d0b5d182d0b520d181d0bed0b7d0b4d0b0d182d18c20d0b8d0bbd0b820d0bfd180d0b8d181d0b2d0bed0b8d182d18c20d0b0d0b4d0bcd0b8d0bdd0b8d181d182d180d0b0d182d0bed180d181d0bad0b8d0b520d0bfd180d0b0d0b2d0b020d0b4d180d183d0b3d0bed0bcd18320d0bfd0bed0bbd18cd0b7d0bed0b2d0b0d182d0b5d0bbd18e2e20d09fd0bed181d0bbd0b520d183d181d0bfd0b5d188d0bdd0bed0b920d0b0d0b2d182d0bed180d0b8d0b7d0b0d186d0b8d0b820d0b2d18b20d0bcd0bed0b6d0b5d182d0b520d0bfd0bed0bfd0b0d181d182d18c20d0b220d0bfd0b0d0bdd0b5d0bbd18c20d0b0d0b4d0bcd0b8d0bdd0b8d181d182d180d0b0d182d0bed180d0b020d181d0b0d0b9d182d0b020d0bfd0be20d0b0d0b4d180d0b5d181d1833a20687474703a2f2fd092d0b0d1885fd185d0bed181d1822f6d632028d0b0d0b4d180d0b5d18120d0b0d0b4d0bcd0b8d0bdd0bad0b820d0bcd0bed0b6d0bdd0be20d0bfd0bed0bcd0b5d0bdd18fd182d18c293c2f703e3c703e3c61207469746c653d222220687265663d22236630223ed0b2d0b5d180d0bdd183d182d18cd181d18f20d0ba20d0bed0b3d0bbd0b0d0b2d0bbd0b5d0bdd0b8d18e3c2f613e3c2f703e3c703e3c61207469746c653d222220687265663d22696672616d652e68746d236630223e3c6272202f3e3c2f613e3c2f703e0d0a3c2f626c6f636b5f636f6e74656e743e);

-- --------------------------------------------------------

-- 
-- Структура таблицы `block_template`
-- 

DROP TABLE IF EXISTS `block_template`;
CREATE TABLE `block_template` (
  `m_block_template_id` int(11) NOT NULL auto_increment,
  `sort_order` tinyint(4) NOT NULL default '0',
  `data_type_id` tinyint(4) NOT NULL default '0',
  `data_process_id` tinyint(4) NOT NULL default '0',
  `is_published` char(1) collate utf8_bin NOT NULL default '',
  `is_hide_published` char(1) collate utf8_bin NOT NULL default '',
  `is_parsed_manual` char(1) collate utf8_bin NOT NULL default '',
  `name` varchar(255) collate utf8_bin NOT NULL default '',
  `description` text collate utf8_bin NOT NULL,
  `body` text collate utf8_bin NOT NULL,
  PRIMARY KEY  (`m_block_template_id`)
) ENGINE=MyISAM DEFAULT CHARSET=utf8 COLLATE=utf8_bin AUTO_INCREMENT=1 ;

-- 
-- Дамп данных таблицы `block_template`
-- 


-- --------------------------------------------------------

-- 
-- Структура таблицы `block_to_object`
-- 

DROP TABLE IF EXISTS `block_to_object`;
CREATE TABLE `block_to_object` (
  `block_to_object_id` int(11) NOT NULL auto_increment,
  `block_id` int(11) NOT NULL default '0',
  `object_id` int(11) NOT NULL default '0',
  `sort_order` int(4) NOT NULL default '1',
  `mode` int(4) NOT NULL default '1',
  PRIMARY KEY  (`block_to_object_id`),
  KEY `ix_object_id` (`object_id`)
) ENGINE=MyISAM DEFAULT CHARSET=utf8 COLLATE=utf8_bin AUTO_INCREMENT=77 ;

-- 
-- Дамп данных таблицы `block_to_object`
-- 

INSERT INTO `block_to_object` VALUES (76, 1, 5, 9, 2);
INSERT INTO `block_to_object` VALUES (75, 2, 5, 1, 2);
INSERT INTO `block_to_object` VALUES (74, 11, 5, 0, 1);
INSERT INTO `block_to_object` VALUES (71, 7, 1, 4, 1);
INSERT INTO `block_to_object` VALUES (70, 229, 1, 5, 2);
INSERT INTO `block_to_object` VALUES (69, 9, 1, 4, 2);
INSERT INTO `block_to_object` VALUES (68, 8, 1, 3, 1);
INSERT INTO `block_to_object` VALUES (10, 10, 2, 3, 1);
INSERT INTO `block_to_object` VALUES (73, 3, 5, 0, 1);
INSERT INTO `block_to_object` VALUES (12, 12, 4, 1, 1);
INSERT INTO `block_to_object` VALUES (13, 4, 4, 2, 2);
INSERT INTO `block_to_object` VALUES (14, 13, 3, 1, 1);
INSERT INTO `block_to_object` VALUES (15, 10, 3, 1, 1);
INSERT INTO `block_to_object` VALUES (16, 14, 9, 0, 2);
INSERT INTO `block_to_object` VALUES (17, 15, 9, 0, 1);
INSERT INTO `block_to_object` VALUES (18, 16, 8, 0, 1);
INSERT INTO `block_to_object` VALUES (23, 4, 6, 5, 2);
INSERT INTO `block_to_object` VALUES (22, 17, 6, 1, 1);
INSERT INTO `block_to_object` VALUES (24, 229, 6, 4, 2);
INSERT INTO `block_to_object` VALUES (67, 4, 1, 2, 2);
INSERT INTO `block_to_object` VALUES (33, 230, 13, 1, 1);
INSERT INTO `block_to_object` VALUES (34, 231, 14, 1, 1);
INSERT INTO `block_to_object` VALUES (35, 232, 12, 1, 1);
INSERT INTO `block_to_object` VALUES (36, 233, 15, 1, 1);

-- --------------------------------------------------------

-- 
-- Структура таблицы `data_process`
-- 

DROP TABLE IF EXISTS `data_process`;
CREATE TABLE `data_process` (
  `data_process_id` int(11) NOT NULL auto_increment,
  `sort_order` tinyint(4) NOT NULL default '0',
  `data_process_type_id` tinyint(4) NOT NULL default '0',
  `dt_update` date NOT NULL default '0000-00-00',
  `name` varchar(50) collate utf8_bin NOT NULL default '',
  `filename` varchar(255) collate utf8_bin NOT NULL default '',
  `description` varchar(255) collate utf8_bin NOT NULL default '',
  PRIMARY KEY  (`data_process_id`)
) ENGINE=MyISAM DEFAULT CHARSET=utf8 COLLATE=utf8_bin AUTO_INCREMENT=10 ;

-- 
-- Дамп данных таблицы `data_process`
-- 

INSERT INTO `data_process` VALUES (1, 4, 1, '2006-12-26', 0x41757468, 0x617574685f696e666f2e70, 0xd098d0bdd184d0bed180d0bcd0b0d186d0b8d18f20d0be20d0b7d0b0d0bbd0bed0b3d0b8d0bdd0b5d0bdd0bdd0bed0bc20d0bfd0bed0bbd18cd0b7d0bed0b2d0b0d182d0b5d0bbd0b52c20d0b2d18bd0b2d0bed0b420d0bbd0bed0b3d0b8d0bdd0b0);
INSERT INTO `data_process` VALUES (3, 3, 1, '2006-12-26', 0x5068796c6f736f706879, 0x7068796c6f736f7068792e70, 0xd092d18bd0b2d0bed0b4d0b8d18220d181d0bbd183d187d0b0d0b9d0bdd18bd0b920d0b0d184d0bed180d0b8d0b7d0bc);
INSERT INTO `data_process` VALUES (4, 8, 1, '2006-12-26', 0x43616c656e646172, 0x63616c656e6461722e70, 0xd092d18bd0b2d0bed0b4d0b8d18220d0bad0b0d0bbd0b5d0bdd0b4d0b0d180d18c20d181d182d0b0d182d0b5d0b920d0b7d0b0d0b4d0b0d0bdd0bdd0bed0b3d0be20d182d0b8d0bfd0b0);
INSERT INTO `data_process` VALUES (2, 7, 1, '2006-12-26', 0x41727469636c6573, 0x61727469636c652e70, 0xd092d18bd0b2d0bed0b4d0b8d18220d0bed0bfd180d0b5d0b4d0b5d0bbd0b5d0bdd0bdd18bd0b520d182d0b8d0bfd18b20d181d182d0b0d182d0b5d0b920d0b220d0b7d0b0d0b2d0b8d181d0b8d0bcd0bed181d182d0b820d0bed18220d0b7d0b0d0b4d0b0d0bdd0bdd0bed0b3d0be20d0bfd183d182d0b8);
INSERT INTO `data_process` VALUES (5, 5, 1, '2006-12-26', 0x5265672f45646974, 0x72656769737465722e70, 0xd0a0d0b5d0b3d0b8d181d182d180d0b0d186d0b8d18f20d0bfd0bed0bbd18cd0b7d0bed0b2d0b0d182d0b5d0bbd18f);
INSERT INTO `data_process` VALUES (6, 6, 3, '2006-12-26', 0x41646d696e, 0x61646d696e2e70, 0xd0bed0b1d180d0b0d0b1d0bed182d187d0b8d0ba20d0b0d0b4d0bcd0b8d0bdd0b0);
INSERT INTO `data_process` VALUES (7, 7, 2, '2006-12-14', 0x56466f726d73, 0x666f726d732e70, 0xd09ed0b1d180d0b0d0b1d0bed182d187d0b8d0ba20d184d0bed180d0bc);
INSERT INTO `data_process` VALUES (8, 9, 2, '2006-12-26', 0x4175746f446f63, 0x6175746f646f632e70, 0xd0a1d0b0d0bcd0bed0b4d0bed0bad183d0bcd0b5d0bdd182d0b8d180d0bed0b2d0b0d0bdd0b8d0b520d0bfd0b0d180d181d0b5d180d0bdd0bed0b3d0be20d0bad0bed0b4d0b0);
INSERT INTO `data_process` VALUES (9, 9, 3, '2006-12-26', 0x466f72756d, 0x666f72756d2e70, 0xd09ed0b1d180d0b0d0b1d0bed182d187d0b8d0ba20d184d0bed180d183d0bcd0b0);

-- --------------------------------------------------------

-- 
-- Структура таблицы `data_process_type`
-- 

DROP TABLE IF EXISTS `data_process_type`;
CREATE TABLE `data_process_type` (
  `data_process_type_id` int(11) NOT NULL auto_increment,
  `sort_order` int(11) NOT NULL default '0',
  `name` varchar(255) collate utf8_bin NOT NULL default '',
  PRIMARY KEY  (`data_process_type_id`)
) ENGINE=MyISAM DEFAULT CHARSET=utf8 COLLATE=utf8_bin AUTO_INCREMENT=5 ;

-- 
-- Дамп данных таблицы `data_process_type`
-- 

INSERT INTO `data_process_type` VALUES (1, 1, 0xd09dd0b5d0bed0bfd180d0b5d0b4d0b5d0bbd0b5d0bdd0bdd18bd0b920d182d0b8d0bf);
INSERT INTO `data_process_type` VALUES (2, 2, 0xd090d0b4d0bcd0b8d0bdd0bad0b0202d20d0bed0b1d18ad0b5d0bad182d18b);
INSERT INTO `data_process_type` VALUES (3, 3, 0xd090d0b4d0bcd0b8d0bdd0bad0b0202d20d0b1d0bbd0bed0bad0b8);
INSERT INTO `data_process_type` VALUES (4, 4, 0xd090d0b4d0bcd0b8d0bdd0bad0b0202d20d0bed0b1d180d0b0d0b1d0bed182d187d0b8d0bad0b8);

-- --------------------------------------------------------

-- 
-- Структура таблицы `data_type`
-- 

DROP TABLE IF EXISTS `data_type`;
CREATE TABLE `data_type` (
  `data_type_id` int(11) NOT NULL auto_increment,
  `sort_order` tinyint(4) NOT NULL default '0',
  `name` varchar(255) collate utf8_bin NOT NULL default '',
  `description` text collate utf8_bin NOT NULL,
  `update_script` varchar(255) collate utf8_bin NOT NULL default '',
  `edit_script` varchar(255) collate utf8_bin NOT NULL default '',
  PRIMARY KEY  (`data_type_id`)
) ENGINE=MyISAM DEFAULT CHARSET=utf8 COLLATE=utf8_bin AUTO_INCREMENT=10 ;

-- 
-- Дамп данных таблицы `data_type`
-- 

INSERT INTO `data_type` VALUES (1, 0, 0xd09dd0b5d0bed0bfd180d0b5d0b4d0b5d0bbd0b5d0bdd0bdd18bd0b920d182d0b8d0bf, 0xd094d0b0d0bdd0bdd18bd0b520d0bdd0b5d0bed0bfd180d0b5d0b4d0b5d0bbd0b5d0bdd0bdd0bed0b3d0be20d182d0b8d0bfd0b0, '', '');
INSERT INTO `data_type` VALUES (2, 1, 0xd094d0b0d0bdd0bdd18bd0b520584d4c, 0x584d4c20d0b4d0b0d0bdd0bdd18bd0b5, '', '');
INSERT INTO `data_type` VALUES (3, 2, 0xd094d0b0d0bdd0bdd18bd0b52048544d4c, 0xd0a7d0b8d181d182d18bd0b52048544d4c20d0b4d0b0d0bdd0bdd18bd0b5, '', '');
INSERT INTO `data_type` VALUES (5, 4, 0xd09fd0bed0bbd18cd0b7d0bed0b2d0b0d182d0b5d0bbd0b8, 0xd09ad0bed0b420d0bdd0b020506172736572, '', '');
INSERT INTO `data_type` VALUES (7, 6, 0xd0a1d182d0b0d182d18cd0b8, 0xd0a1d182d0b0d182d18cd0b8, '', '');
INSERT INTO `data_type` VALUES (6, 5, 0x53797374656d3a6d6163726f73, 0xd0a1d0b8d181d182d0b5d0bcd0bdd18bd0b520d0bcd0b0d0bad180d0bed181d18b204d6f757365, '', '');
INSERT INTO `data_type` VALUES (8, 9, 0xd0a4d0bed180d183d0bc, 0xd094d0b0d0bdd0bdd18bd0b520d184d0bed180d183d0bcd0b0, '', '');
INSERT INTO `data_type` VALUES (9, 3, 0xd090d0b4d0bcd0b8d0bdd0b8d181d182d180d0b8d180d0bed0b2d0b0d0bdd0b8d0b5, 0xd091d0bbd0bed0bad0b820d0b0d0b4d0bcd0b8d0bdd0b8d181d182d180d0b8d180d0bed0b2d0b0d0bdd0b8d18f20d181d0b8d181d182d0b5d0bcd18b, '', '');

-- --------------------------------------------------------

-- 
-- Структура таблицы `forum_message`
-- 

DROP TABLE IF EXISTS `forum_message`;
CREATE TABLE `forum_message` (
  `forum_message_id` int(10) unsigned NOT NULL auto_increment,
  `forum_id` mediumint(8) unsigned NOT NULL default '1',
  `parent_id` int(10) unsigned NOT NULL default '0',
  `thread_id` int(10) unsigned NOT NULL default '0',
  `is_published` tinyint(1) unsigned NOT NULL default '1',
  `dt_published` datetime NOT NULL default '0000-00-00 00:00:00',
  `author` varchar(255) collate utf8_bin NOT NULL default '',
  `email` varchar(255) collate utf8_bin default NULL,
  `title` varchar(255) collate utf8_bin NOT NULL default '',
  `body` text collate utf8_bin,
  PRIMARY KEY  (`forum_message_id`),
  KEY `ix_forum_message_0` (`parent_id`,`is_published`,`dt_published`),
  KEY `ix_forum_message_1` (`thread_id`,`is_published`,`dt_published`)
) ENGINE=MyISAM DEFAULT CHARSET=utf8 COLLATE=utf8_bin PACK_KEYS=0 AUTO_INCREMENT=23 ;

-- 
-- Дамп данных таблицы `forum_message`
-- 

INSERT INTO `forum_message` VALUES (1, 1, 0, 1, 1, '2006-12-13 16:43:42', 0x6b6c656e, NULL, 0xd09fd180d0bed0b2d0b5d180d0bad0b020d180d0b0d0b1d0bed182d18b20d184d0bed180d183d0bcd0b0, 0xd0a2d0b5d181d182d0bed0b2d0bed0b520d181d0bed0bed0b1d189d0b5d0bdd0b8d0b520d18120d182d0b5d0bbd0bed0bc);
INSERT INTO `forum_message` VALUES (2, 1, 1, 1, 1, '2006-12-13 16:44:02', 0x6b6c656e, NULL, 0x52653a20d09fd180d0bed0b2d0b5d180d0bad0b020d180d0b0d0b1d0bed182d18b20d184d0bed180d183d0bcd0b0, 0xd0a1d0bed0bed0b1d189d0b5d0bdd0b8d0b520d0bed182d0b2d0b5d182d0b0);
INSERT INTO `forum_message` VALUES (3, 1, 2, 1, 1, '2006-12-13 16:44:16', 0x6b6c656e, NULL, 0xd0a1d0bed0bed0b1d189d0b5d0bdd0b8d0b520d0b1d0b5d0b720d182d0b5d0bbd0b0, NULL);
INSERT INTO `forum_message` VALUES (4, 1, 1, 1, 1, '2006-12-13 16:44:34', 0x6b6c656e, NULL, 0xd090d0bbd18cd182d0b5d180d0bdd0b0d182d0b8d0b2d0bdd18bd0b920d0bed182d0b2d0b5d182, 0xd0a1d0bed0b4d0b5d180d0b6d0b0d0bdd0b8d0b5);
INSERT INTO `forum_message` VALUES (5, 1, 0, 5, 1, '2006-12-13 16:45:58', 0x6b6c656e, NULL, 0xd092d182d0bed180d0bed0b520d181d0bed0bed0b1d189d0b5d0bdd0b8d0b5, 0xd0a1d0bed0b4d0b5d180d0b6d0b0d0bdd0b8d0b520d0b2d182d0bed180d0bed0b3d0be20d181d0bed0bed0b1d189d0b5d0bdd0b8d18f);
INSERT INTO `forum_message` VALUES (6, 1, 5, 5, 1, '2006-12-13 16:46:26', 0x6b6c656e, NULL, 0xd09ed182d0b2d0b5d18220d0bdd0b020d0b2d182d0bed180d0bed0b520d181d0bed0bed0b1d189d0b5d0bdd0b8d0b5, '');
INSERT INTO `forum_message` VALUES (7, 1, 6, 5, 1, '2006-12-13 16:57:29', 0x6b6c656e, NULL, 0x52653a20d09ed182d0b2d0b5d18220d0bdd0b020d0b2d182d0bed180d0bed0b520d181d0bed0bed0b1d189d0b5d0bdd0b8d0b5, NULL);
INSERT INTO `forum_message` VALUES (8, 1, 4, 1, 1, '2006-12-13 16:59:06', 0x6b6c656e, NULL, 0x52653a20d090d0bbd18cd182d0b5d180d0bdd0b0d182d0b8d0b2d0bdd0b0d18f20d0b2d0b5d182d0bad0b0, NULL);
INSERT INTO `forum_message` VALUES (9, 1, 0, 9, 1, '2006-12-13 18:21:37', 0xd093d0bed181d182d18c, NULL, 0xd0a1d0bed0bed0b1d189d0b5d0bdd0b8d0b520d0bdd0b5d0b0d0b2d182d0bed180d0b8d0b7d0b8d180d0bed0b2d0b0d0bdd0bdd0bed0b3d0be20d0bfd0bed0bbd18cd0b7d0bed0b2d0b0d182d0b5d0bbd18f, 0xd0a1d0bed0b4d0b5d180d0b6d0b0d0bdd0b8d0b520d181d0bed0bed0b1d189d0b5d0bdd0b8d18f);
INSERT INTO `forum_message` VALUES (10, 1, 6, 5, 1, '2006-12-15 15:24:51', 0x6b6c656e, NULL, 0xd0bed182d0b2d0b5d182, NULL);
INSERT INTO `forum_message` VALUES (11, 1, 5, 5, 1, '2006-12-19 00:37:03', 0x6b6c656e, NULL, 0xd0bfd180d0bed0b2d0b5d180d0bad0b0, NULL);
INSERT INTO `forum_message` VALUES (12, 1, 11, 5, 1, '2006-12-19 00:37:11', 0x6b6c656e, NULL, 0xd0b820d0b5d189d0b520d0bed0b4d0bdd0b0, 0xd0a2d0b5d0bad181d18220d0b2d182d0bed180d0bed0b920d0bfd180d0bed0b2d0b5d180d0bad0b8);
INSERT INTO `forum_message` VALUES (13, 1, 12, 5, 1, '2006-12-19 00:37:31', 0x6b6c656e, NULL, 0xd091d0b5d0b720d182d0b5d0bcd18b, 0xd0b820d0b1d0b5d0b720d182d0b5d0bcd18b);
INSERT INTO `forum_message` VALUES (14, 1, 0, 14, 1, '2006-12-19 00:39:19', 0x6b6c656e, NULL, 0xd09dd0bed0b2d0bed0b520d181d0bed0bed0b1d189d0b5d0bdd0b8d0b5, 0xd18120d182d0b5d0bad181d182d0bed0bc);
INSERT INTO `forum_message` VALUES (15, 1, 0, 15, 1, '2006-12-18 22:57:07', 0x6b6c656e, NULL, 0xd09dd0b020d0bdd0b5d0bad0bed182d0bed180d0bed0b520d0b2d180d0b5d0bcd18f20d183d0b5d185d0b0d0bb2c20d0b4d0be20d0bad0bed0bdd186d0b020d0bdd0b5d0b4d0b5d0bbd0b820d0bdd0b520d0bed0b1d0bdd0bed0b2d0bbd18fd18e2e, 0xd098d189d0b8d182d0b520d0b1d0b0d0b3d0b82029);
INSERT INTO `forum_message` VALUES (16, 1, 14, 14, 1, '2006-12-18 22:58:58', 0x6b6c656e, NULL, 0xd0a1d0b0d0bcd0bed0b4d0bed0bad183d0bcd0b5d0bdd182d0b8d180d0bed0b2d0b0d0bdd0b8d0b520d0bdd0b520d180d0b0d0b1d0bed182d0b0d0b5d18220d0bdd0b020d183d0b4d0b0d0bbd0b5d0bdd0bdd0bed0bc20d181d0b5d180d0b2d0b5d180d0b5, 0xd092d0b8d0b4d0b8d0bcd0be20d187d182d0be20d182d0be20d18120d0bfd180d0b0d0b2d0b0d0bcd0b820d0bdd0b020d0bad0b0d182d0b0d0bbd0bed0b3d0b820d0b4d0bbd18f20d0bfd0b0d180d181d0b5d180d0b02c20d0bfd180d0b8d0b5d0b4d18320d180d0b0d0b7d0b1d0b5d180d183d181d18c2e);
INSERT INTO `forum_message` VALUES (17, 1, 15, 15, 1, '2006-12-18 22:59:58', 0x6b6c656e, NULL, 0xd0b5d181d0bbd0b820d0bad182d0bed182d0be20d180d0b5d0b3d0b8d181d182d180d0b8d180d0bed0b2d0b0d0bbd181d18f, 0xd182d0be20d0bfd180d0bed188d18320d0bfd180d0bed189d0b5d0bdd0b8d18f20d0bfd180d0b8d0b4d0b5d182d181d18f20d0b7d0b0d180d0b5d0b3d0b8d181d182d180d0b8d180d0bed0b2d0b0d182d18cd181d18f20d0b5d189d0b520d180d0b0d0b72c20d0b1d0bed0bbd18cd188d0b520d0b1d0b0d0b7d18320d0bed187d0b8d189d0b0d182d18c20d0bdd0b520d0b1d183d0b4d1832e);
INSERT INTO `forum_message` VALUES (18, 1, 0, 18, 1, '2007-01-06 02:11:21', 0x6b6c656e, NULL, 0xd090d0bbd18cd182d0b5d180d0bdd0b0d182d0b8d0b2d0bdd18bd0b520d181d181d18bd0bbd0bad0b8204d6f75736520434d53, 0x312e20d0a1d0b0d0bcd0b0d18f20d181d0b2d0b5d0b6d0b0d18f20d0b2d0b5d180d181d0b8d18f20d0b2d181d0b5d0b3d0b4d0b020d0b4d0bed181d182d183d0bfd0bdd0b020d0b22053564e3a2068747470733a2f2f6d6f7573652d636d732e676f6f676c65636f64652e636f6d2f73766e20d180d0b0d0b1d0bed187d0b0d18f20d0b2d0b5d182d0bad0b020d181d0b5d0b9d187d0b0d1813a202f746167732f776f726b2f0a322e20d0a0d0b0d181d181d18bd0bbd0bad0b020d0b820d181d0bfd0bed181d0bed0b120d0bed0bfd0b5d180d0b0d182d0b8d0b2d0bdd0be20d0bfd0bed0bbd183d187d0b8d182d18c20d0bed182d0b2d0b5d18220d0bdd0b020d0b2d0bed0bfd180d0bed1813a20687474703a2f2f67726f7570732e676f6f676c652e636f6d2f67726f75702f6d6f7573652d636d73);
INSERT INTO `forum_message` VALUES (19, 1, 18, 18, 1, '2006-12-29 10:39:11', 0x6b6c656e, NULL, 0xd0bfd180d0bed0b2d0b5d180d0bad0b020d180d0b0d0b1d0bed182d18b2052535320d184d0bed180d183d0bcd0b0, 0xd0b220d0bed0bfd0b5d180d0b52057594d456469746f7220d0bdd0b520d180d0b0d0b1d0bed182d0b0d0b5d1822028);
INSERT INTO `forum_message` VALUES (20, 1, 19, 18, 1, '2006-12-29 10:40:24', 0xd093d0bed181d182d18c, NULL, 0xd0b02052535320d180d0b0d0b1d0bed182d0b0d0b5d182, NULL);
INSERT INTO `forum_message` VALUES (21, 1, 20, 18, 1, '2006-12-30 20:38:21', 0x6b6c656e, NULL, 0x52653a20d0b02052535320d180d0b0d0b1d0bed182d0b0d0b5d182, 0xd0a3d181d182d0b0d0bdd0bed0b2d0bad0b020d0bfd180d0bed188d0bbd0b020d0b2d180d0bed0b4d0b520d183d181d0bfd0b5d188d0bdd0be2e20d09dd0be20d0bfd180d0b820d0bfd0b5d180d0b5d185d0bed0b4d0b520d0bdd0b020d181d0b0d0b9d18220d0bfd0bed0bbd183d187d0b0d18e20d0b8d0bbd0b820d181d182d180d0b0d0bdd0b8d186d18320d0bed188d0b8d0b1d0bad0b820d0b8d0bbd0b820d0bed188d0b8d0b1d0bad18320d0bfd180d0b820d181d0bed0b7d0b4d0b0d0bdd0b8d0b820584d4c2dd18f203a0a2d2d2d2d2d2d2d2d2d2d2d2d0a6372656174650a456e746974793a206c696e65203436313a20706172736572206572726f72203a204f70656e696e6720616e6420656e64696e6720746167206d69736d617463683a20626c6f636b206c696e652034353420616e64206c690a3d22454f4d592e4e45543a20d0b1d0b5d181d0bfd0bbd0b0d182d0bdd18bd0b920d185d0bed181d182d0b8d0bdd0b320d0b1d0b5d0b720d180d0b5d0bad0bbd0b0d0bcd18b222f3e3c2f613e3c2f6c690a456e746974793a206c696e65203436363a20706172736572206572726f72203a204f70656e696e6720616e6420656e64696e6720746167206d69736d617463683a20626f6479206c696e652033363620616e64206261646765730a3c2f6261646765733e223e3c6120687265663d22687474703a2f2f7777772e656f6d792e6e65742f223e0a456e746974793a206c696e65203436373a20706172736572206572726f72203a204f70656e696e6720616e6420656e64696e6720746167206d69736d617463683a20646f63756d656e74206c696e6520333720616e64206c690a3d22454f4d592e4e45543a20d0b1d0b5d181d0bfd0bbd0b0d182d0bdd18bd0b920d185d0bed181d182d0b8d0bdd0b320d0b1d0b5d0b720d180d0b5d0bad0bbd0b0d0bcd18b222f3e3c2f613e3c2f6c690a456e746974793a206c696e65203436383a20706172736572206572726f72203a20457874726120636f6e74656e742061742074686520656e64206f662074686520646f63756d656e740a3c6c6920636c6173733d22627574746f6e73223e3c6120687265663d22687474703a2f2f6b6c656e2e7a6f78742e6e65742f223e3c696d67207372633d222f696d616765732f6d6f7573655f383078310a0a0a0ad0b8d0bbd0b8200a0a0a456e746974793a206c696e65203434323a20706172736572206572726f72203a204f70656e696e6720616e6420656e64696e6720746167206d69736d617463683a20626c6f636b206c696e652034333620616e642073797374656d3a6d6574686f640ad183d0b9d181d182d0b020d0b2d0bed181d0bfd0bed0bbd18cd0b7d183d0b9d182d0b5d181d18c20d0bad0b0d180d182d0bed0b920d181d0b0d0b9d182d0b02e5d3c2f73797374656d3a6d6574686f640a202020202020202020202020202020202020202020202020202020202020202020202020202020202020202020202020202020202020202020202020202020202020202020202020202020202020205e0a456e746974793a206c696e65203434373a20706172736572206572726f72203a204f70656e696e6720616e6420656e64696e6720746167206d69736d617463683a20626f6479206c696e652033363620616e6420700a3c2f703e0a202020205e0a456e746974793a206c696e65203434383a20706172736572206572726f72203a204f70656e696e6720616e6420656e64696e6720746167206d69736d617463683a20646f63756d656e74206c696e6520333720616e6420626c6f636b5f636f6e74656e740a3c2f626c6f636b5f636f6e74656e743e223e6e616d655b636d732e3430335d76616c75655b636d732e3430345d747275655bd097d0b0d0bfd180d0b0d188d0b8d0b2d0b0d0b5d0bcd0b0d18f20d0b226233930363b202020202020202020202020202020205e0a456e746974793a206c696e65203434383a20706172736572206572726f72203a20457874726120636f6e74656e742061742074686520656e64206f662074686520646f63756d656e740a3c2f626c6f636b5f636f6e74656e743e223e6e616d655b636d732e3430335d76616c75655b636d732e3430345d747275655bd097d0b0d0bfd180d0b0d188d0b8d0b2d0b0d0b5d0bcd0b0d18f20d0b226233930363b202020202020202020202020202020205e0a0a7a3a2f686f6d652f636d736d6f7573652e72752f7777772f2e2e2f646174612f70726f6365737365732f656e67696e652e70283134363a3136290a676574446f63756d656e74584d4c097a3a2f686f6d652f636d736d6f7573652e72752f7777772f2e2e2f646174612f70726f6365737365732f656e67696e652e70283132383a31360a0a416e792069646561733f);
INSERT INTO `forum_message` VALUES (22, 1, 21, 18, 1, '2006-12-30 20:40:27', 0x6b6c656e, NULL, 0x52653a2052653a20d0b02052535320d180d0b0d0b1d0bed182d0b0d0b5d182, 0xd0a3d181d182d0b0d0bdd0bed0b2d0bad0b020d0bfd180d0bed188d0bbd0b020d0b2d180d0bed0b4d0b520d183d181d0bfd0b5d188d0bdd0be2e20d09dd0be20d0bfd180d0b820d0bfd0b5d180d0b5d185d0bed0b4d0b520d0bdd0b020d181d0b0d0b9d18220d0bfd0bed0bbd183d187d0b0d18e20d0b8d0bbd0b820d181d182d180d0b0d0bdd0b8d186d18320d0bed188d0b8d0b1d0bad0b820d0b8d0bbd0b820d0bed188d0b8d0b1d0bad18320d0bfd180d0b820d181d0bed0b7d0b4d0b0d0bdd0b8d0b820584d4c2dd18f203a3c6272202f3e2d2d2d2d2d2d2d2d2d2d2d2d3c6272202f3e6372656174653c6272202f3e456e746974793a206c696e65203436313a20706172736572206572726f72203a204f70656e696e6720616e6420656e64696e6720746167206d69736d617463683a20626c6f636b206c696e652034353420616e64206c693c6272202f3e3d22454f4d592e4e45543a20d0b1d0b5d181d0bfd0bbd0b0d182d0bdd18bd0b920d185d0bed181d182d0b8d0bdd0b320d0b1d0b5d0b720d180d0b5d0bad0bbd0b0d0bcd18b222f3e3c2f613e3c2f6c693c6272202f3e456e746974793a206c696e65203436363a20706172736572206572726f72203a204f70656e696e6720616e6420656e64696e6720746167206d69736d617463683a20626f6479206c696e652033363620616e64206261646765733c6272202f3e3c2f6261646765733e223e3c6120687265663d22687474703a2f2f7777772e656f6d792e6e65742f223e3c6272202f3e456e746974793a206c696e65203436373a20706172736572206572726f72203a204f70656e696e6720616e6420656e64696e6720746167206d69736d617463683a20646f63756d656e74206c696e6520333720616e64206c693c6272202f3e3d22454f4d592e4e45543a20d0b1d0b5d181d0bfd0bbd0b0d182d0bdd18bd0b920d185d0bed181d182d0b8d0bdd0b320d0b1d0b5d0b720d180d0b5d0bad0bbd0b0d0bcd18b222f3e3c2f613e3c2f6c693c6272202f3e456e746974793a206c696e65203436383a20706172736572206572726f72203a20457874726120636f6e74656e742061742074686520656e64206f662074686520646f63756d656e743c6272202f3e3c6c6920636c6173733d22627574746f6e73223e3c6120687265663d22687474703a2f2f6b6c656e2e7a6f78742e6e65742f223e3c696d67207372633d222f696d616765732f6d6f7573655f383078313c6272202f3e3c6272202f3e3c6272202f3e3c6272202f3ed0b8d0bbd0b8203c6272202f3e3c6272202f3e3c6272202f3e456e746974793a206c696e65203434323a20706172736572206572726f72203a204f70656e696e6720616e6420656e64696e6720746167206d69736d617463683a20626c6f636b206c696e652034333620616e642073797374656d3a6d6574686f643c6272202f3ed183d0b9d181d182d0b020d0b2d0bed181d0bfd0bed0bbd18cd0b7d183d0b9d182d0b5d181d18c20d0bad0b0d180d182d0bed0b920d181d0b0d0b9d182d0b02e5d3c2f73797374656d3a6d6574686f643c6272202f3e202020202020202020202020202020202020202020202020202020202020202020202020202020202020202020202020202020202020202020202020202020202020202020202020202020202020205e3c6272202f3e456e746974793a206c696e65203434373a20706172736572206572726f72203a204f70656e696e6720616e6420656e64696e6720746167206d69736d617463683a20626f6479206c696e652033363620616e6420703c6272202f3e3c2f703e3c6272202f3e202020205e3c6272202f3e456e746974793a206c696e65203434383a20706172736572206572726f72203a204f70656e696e6720616e6420656e64696e6720746167206d69736d617463683a20646f63756d656e74206c696e6520333720616e6420626c6f636b5f636f6e74656e743c6272202f3e3c2f626c6f636b5f636f6e74656e743e223e6e616d655b636d732e3430335d76616c75655b636d732e3430345d747275655bd097d0b0d0bfd180d0b0d188d0b8d0b2d0b0d0b5d0bcd0b0d18f20d0b226233930363b202020202020202020202020202020205e3c6272202f3e456e746974793a206c696e65203434383a20706172736572206572726f72203a20457874726120636f6e74656e742061742074686520656e64206f662074686520646f63756d656e743c6272202f3e3c2f626c6f636b5f636f6e74656e743e223e6e616d655b636d732e3430335d76616c75655b636d732e3430345d747275655bd097d0b0d0bfd180d0b0d188d0b8d0b2d0b0d0b5d0bcd0b0d18f20d0b226233930363b202020202020202020202020202020205e3c6272202f3e3c6272202f3e7a3a2f686f6d652f636d736d6f7573652e72752f7777772f2e2e2f646174612f70726f6365737365732f656e67696e652e70283134363a3136293c6272202f3e676574446f63756d656e74584d4c097a3a2f686f6d652f636d736d6f7573652e72752f7777772f2e2e2f646174612f70726f6365737365732f656e67696e652e70283132383a31363c6272202f3e3c6272202f3e416e792069646561733f);

-- --------------------------------------------------------

-- 
-- Структура таблицы `lang`
-- 

DROP TABLE IF EXISTS `lang`;
CREATE TABLE `lang` (
  `lang_id` tinyint(4) NOT NULL auto_increment,
  `sort_order` tinyint(4) NOT NULL default '0',
  `abbr` varchar(5) collate utf8_bin NOT NULL default '',
  `charset` varchar(20) collate utf8_bin NOT NULL default '',
  PRIMARY KEY  (`lang_id`)
) ENGINE=MyISAM DEFAULT CHARSET=utf8 COLLATE=utf8_bin COMMENT='RAY: таблица языков сайта' AUTO_INCREMENT=3 ;

-- 
-- Дамп данных таблицы `lang`
-- 

INSERT INTO `lang` VALUES (1, 1, 0x7275, 0x57494e444f57532d31323531);
INSERT INTO `lang` VALUES (2, 2, 0x656e, 0x5554462d38);

-- --------------------------------------------------------

-- 
-- Структура таблицы `object`
-- 

DROP TABLE IF EXISTS `object`;
CREATE TABLE `object` (
  `object_id` int(5) unsigned NOT NULL auto_increment,
  `object_type_id` tinyint(4) NOT NULL default '0',
  `Full_Path` varchar(255) collate utf8_bin NOT NULL default '/',
  `site_id` tinyint(3) unsigned NOT NULL default '0',
  `parent_id` smallint(5) unsigned NOT NULL default '0',
  `thread_id` smallint(5) unsigned NOT NULL default '0',
  `data_process_id` tinyint(4) NOT NULL default '0',
  `template_id` tinyint(4) NOT NULL default '0',
  `rights` int(11) NOT NULL default '3',
  `cache_time` int(11) NOT NULL default '0',
  `is_show_on_sitemap` char(1) collate utf8_bin NOT NULL default '0',
  `is_show_in_menu` tinyint(4) NOT NULL default '0',
  `Path` varchar(255) collate utf8_bin default NULL,
  `url` varchar(255) collate utf8_bin default NULL,
  `link_to_object_id` int(11) default '0',
  `link_to_object_type_id` tinyint(4) default '0',
  `auser_id` int(11) NOT NULL default '0',
  `is_published` char(1) collate utf8_bin NOT NULL default '0',
  `dt_update` date NOT NULL default '0000-00-00',
  `sort_order` int(11) default '0',
  PRIMARY KEY  (`object_id`)
) ENGINE=MyISAM DEFAULT CHARSET=utf8 COLLATE=utf8_bin PACK_KEYS=0 COMMENT='Mouse : Хранилище объектов' AUTO_INCREMENT=22 ;

-- 
-- Дамп данных таблицы `object`
-- 

INSERT INTO `object` VALUES (1, 1, 0x2f, 1, 0, 1, 0, 16, 3, 2, 0x31, 1, '', '', 0, 0, 4, 0x31, '2007-01-10', 1);
INSERT INTO `object` VALUES (2, 1, 0x2f6d61702f, 1, 0, 2, 0, 4, 1, 300, 0x30, 1, 0x6d6170, '', 0, 0, 4, 0x31, '2007-01-06', 5);
INSERT INTO `object` VALUES (3, 1, 0x2f6572726f722f, 1, 0, 3, 0, 4, 1, 600, 0x30, 0, 0x6572726f72, '', 0, 0, 4, 0x31, '2007-01-06', 3);
INSERT INTO `object` VALUES (4, 1, 0x2f7265672f, 1, 0, 4, 0, 4, 1, 2, 0x31, 0, 0x726567, '', 0, 0, 4, 0x31, '2007-01-06', 4);
INSERT INTO `object` VALUES (5, 2, 0x2f676c6f62616c2f, 1, 0, 5, 0, 0, 1, 250, 0x30, 0, 0x676c6f62616c, '', 0, 0, 4, 0x31, '2007-01-06', 5);
INSERT INTO `object` VALUES (6, 5, 0x2f666f72756d2f, 1, 0, 6, 0, 4, 3, 2, 0x31, 1, 0x666f72756d, '', 0, 0, 4, 0x31, '2007-01-06', 3);
INSERT INTO `object` VALUES (7, 1, 0x2f6175746f646f632f, 1, 0, 7, 8, 0, 1, 600, 0x31, 0, 0x6175746f646f63, '', 0, 0, 4, 0x31, '2007-01-06', 7);
INSERT INTO `object` VALUES (8, 1, 0x2f636f6e74726f6c2f61646d696e2f, 1, 9, 9, 0, 5, 0, 5, 0x30, 0, 0x61646d696e, '', 0, 0, 4, 0x31, '2007-01-06', 8);
INSERT INTO `object` VALUES (9, 1, 0x2f636f6e74726f6c2f, 1, 0, 9, 0, 4, 0, 5, 0x30, 0, 0x636f6e74726f6c, '', 0, 0, 4, 0x31, '2007-01-06', 9);
INSERT INTO `object` VALUES (10, 5, 0x2f666f726d732f, 1, 0, 10, 7, 0, 1, 0, 0x30, 0, 0x666f726d73, '', 0, 0, 4, 0x31, '2007-01-06', 10);
INSERT INTO `object` VALUES (11, 6, 0x2f66696c65732f, 1, 0, 11, 0, 4, 1, 300, 0x31, 1, 0x66696c6573, 0x2f66696c65732f696e7374616c6c2e7a6970, 0, 0, 4, 0x31, '2007-01-06', 4);
INSERT INTO `object` VALUES (12, 1, 0x2f646f632f, 1, 0, 12, 0, 4, 1, 600, 0x31, 1, 0x646f63, '', 0, 0, 4, 0x31, '2007-01-06', 2);
INSERT INTO `object` VALUES (13, 1, 0x2f7273732f, 1, 1, 1, 0, 15, 1, 600, 0x30, 0, 0x727373, '', 0, 0, 4, 0x31, '2007-01-06', 10);
INSERT INTO `object` VALUES (14, 5, 0x2f666f72756d2f7273732f, 1, 6, 6, 0, 15, 3, 600, 0x30, 0, 0x727373, '', 0, 0, 4, 0x31, '2007-01-06', 3);
INSERT INTO `object` VALUES (15, 6, 0x2f646f632f6661712f, 1, 12, 12, 0, 4, 1, 3600, 0x31, 1, 0x666171, '', 0, 0, 4, 0x31, '2007-01-06', 2);
INSERT INTO `object` VALUES (16, 6, 0x2f646f632f786d6c6e732f, 1, 12, 12, 0, 4, 1, 3600, 0x31, 1, 0x786d6c6e73, '', 0, 0, 4, 0x31, '2007-01-07', 2);
INSERT INTO `object` VALUES (17, 1, 0x2f7a6172656e2f, 1, 0, 17, 0, 16, 3, 2, 0x31, 1, 0x7a6172656e, '', 0, 0, 4, 0x31, '2007-01-08', 11);
INSERT INTO `object` VALUES (19, 6, 0x2f646f632f786d6c2f, 1, 12, 12, 0, 4, 1, 3600, 0x31, 1, 0x786d6c, '', 0, 0, 4, 0x30, '2007-01-07', 2);

-- --------------------------------------------------------

-- 
-- Структура таблицы `object_text`
-- 

DROP TABLE IF EXISTS `object_text`;
CREATE TABLE `object_text` (
  `lang_id` int(11) NOT NULL default '0',
  `object_id` int(11) NOT NULL default '0',
  `name` varchar(20) collate utf8_bin NOT NULL default 'name',
  `window_name` varchar(50) collate utf8_bin default NULL,
  `document_name` varchar(100) collate utf8_bin default NULL,
  `description` varchar(255) collate utf8_bin default NULL,
  PRIMARY KEY  (`lang_id`,`object_id`)
) ENGINE=MyISAM DEFAULT CHARSET=utf8 COLLATE=utf8_bin;

-- 
-- Дамп данных таблицы `object_text`
-- 

INSERT INTO `object_text` VALUES (1, 1, 0xd093d0bbd0b0d0b2d0bdd0b0d18f, 0xd09dd0bed180d0b020d0bcd0b8d0bdd0bed182d0b0d0b2d180d0b0, 0xd09dd0bed180d0b020d0bcd0b8d0bdd0bed182d0b0d0b2d180d0b0, 0xd093d0bbd0b0d0b2d0bdd0b0d18f20d181d182d180d0b0d0bdd0b8d186d0b020d181d0b0d0b9d182d0b0);
INSERT INTO `object_text` VALUES (1, 2, 0xd09ad0b0d180d182d0b0, 0xd09ad0b0d180d182d0b020d181d0b0d0b9d182d0b0, 0xd09ad0b0d180d182d0b020d181d0b0d0b9d182d0b0, 0xd09ad0b0d180d182d0b020d181d0b0d0b9d182d0b0);
INSERT INTO `object_text` VALUES (1, 3, 0xd0a1d182d180d0b0d0bdd0b8d186d0b020d0bed188d0b8d0b1d0bed0ba, 0xd09ed188d0b8d0b1d0bad0b020d181d0b8d181d182d0b5d0bcd18b, 0xd09ed188d0b8d0b1d0bad0b020d181d0b8d181d182d0b5d0bcd18b, 0xd0a1d182d180d0b0d0bdd0b8d186d0b020d0bed188d0b8d0b1d0bed0ba20d181d0b8d181d182d0b5d0bcd18b);
INSERT INTO `object_text` VALUES (1, 4, 0xd0a0d0b5d0b3d0b8d181d182d180d0b0d186d0b8d18f, 0xd092d0b2d0bed0b4202f20d0b8d0b7d0bcd0b5d0bdd0b5d0bdd0b8d0b520d0bfd0b0d180d0b0d0bcd0b5d182d180d0bed0b2, 0xd09fd0b0d180d0b0d0bcd0b5d182d180d18b20d0bfd0bed0bbd18cd0b7d0bed0b2d0b0d182d0b5d0bbd18f, 0xd0a1d182d180d0b0d0bdd0b8d186d0b020d180d0b5d0b3d0b8d181d182d180d0b0d186d0b8d0b820d0bfd0bed0bbd18cd0b7d0bed0b2d0b0d182d0b5d0bbd0b5d0b9);
INSERT INTO `object_text` VALUES (1, 5, 0x476c6f62616c, 0x476c6f62616c, 0x476c6f62616c, 0xd093d0bbd0bed0b1d0b0d0bbd18cd0bdd18bd0b920d0bed0b1d18ad0b5d0bad18220d181d0bed0b4d0b5d180d0b6d0b0d189d0b8d0b920d18dd0bbd0b5d0bcd0b5d0bdd182d18b20d0b8d0bdd182d0b5d180d184d0b5d0b9d181d0b02c20d0b820d0b3d0bbd0bed0b1d0b0d0bbd18cd0bdd18bd0b520d0b1d0bbd0bed0bad0b820d0bed0b1d180d0b0d0b1d0bed182d187d0b8d0bad0b8);
INSERT INTO `object_text` VALUES (1, 6, 0xd0a4d0bed180d183d0bc, 0x4d6f75736520434d53207c20d0a4d0bed180d183d0bc, 0x4d6f75736520d184d0bed180d183d0bc, 0xd0a4d0bed180d183d0bc);
INSERT INTO `object_text` VALUES (1, 7, 0xd090d0b2d182d0bed0b4d0bed0ba, 0xd0a1d0b0d0bcd0bed0b4d0bed0bad183d0bcd0b5d0bdd182d0b8d180d0bed0b2d0b0d0bdd0b8d0b520d0bad0bed0b4d0b0, 0xd0a1d0b0d0bcd0bed0b4d0bed0bad183d0bcd0b5d0bdd182d0b8d180d0bed0b2d0b0d0bdd0b8d0b520d0bad0bed0b4d0b0, 0xd0a0d0b0d0b7d0b4d0b5d0bb20d181d0b0d0bcd0bed0b4d0bed0bad183d0bcd0b5d0bdd182d0b8d180d0bed0b2d0b0d0bdd0b8d18f20d0bfd0b0d180d181d0b5d180d0bdd0bed0b3d0be20d0bad0bed0b4d0b0);
INSERT INTO `object_text` VALUES (1, 8, 0x416a617841646d696e, 0xd090d0b4d0bcd0b8d0bdd0b8d181d182d180d0b8d180d0bed0b2d0b0d0bdd0b8d0b5, 0xd090d0b4d0bcd0b8d0bdd0b8d181d182d180d0b8d180d0bed0b2d0b0d0bdd0b8d0b5, 0xd0a2d0b5d181d182d0bed0b2d18bd0b920d0bed0b1d18ad0b5d0bad18220d0b4d0bbd18f20d0bed182d0bbd0b0d0b4d0bad0b820d0bad0bed0b4d0b0);
INSERT INTO `object_text` VALUES (2, 1, 0x4e657773, 0x4d6f757365206e657773, 0x4d6f757365206e657773, 0x4d6f757365206e657773);
INSERT INTO `object_text` VALUES (2, 12, 0x48656c70, 0x4d6f7573652048656c70, 0x4d6f7573652048656c70, 0x4d6f7573652048656c70);
INSERT INTO `object_text` VALUES (2, 15, 0x464151, 0x4d6f75736520464151, 0x4d6f75736520464151, 0x4d6f75736520464151);
INSERT INTO `object_text` VALUES (1, 10, 0x56466f726d73, 0xd092d0b8d180d182d183d0b0d0bbd18cd0bdd18bd0b920d0bed0b1d18ad0b5d0bad18220d0bed0b1d180d0b0d0b1d0bed182d0bad0b820d184d0bed180d0bc, 0xd092d0b8d180d182d183d0b0d0bbd18cd0bdd18bd0b920d0bed0b1d18ad0b5d0bad18220d0bed0b1d180d0b0d0b1d0bed182d0bad0b820d184d0bed180d0bc, 0xd09ed0b1d18ad0b5d0bad18220d0bdd0b520d0b8d0bcd0b5d0b5d18220d181d0b2d0bed0b5d0b3d0be20d0bfd180d0b5d0b4d181d182d0b0d0b2d0bbd0b5d0bdd0b8d18f20d0bdd0b020d181d0b0d0b9d182d0b52c20d0bfd0bed0bbd183d187d0b0d0b5d18220d0b820d0bed0b1d180d0b0d0b1d0b0d182d18bd0b2d0b0d0b5d18220d0b4d0b0d0bdd0bdd18bd0b520d184d0bed180d0bc20d0bed18220616a617820d0b820706f73742f67657420d0b7d0b0d0bfd180d0bed181d0bed0b2);
INSERT INTO `object_text` VALUES (1, 11, 0xd097d0b0d0b3d180d183d0b7d0b8d182d18c, 0xd097d0b0d0b3d180d183d0b7d0b8d182d18c204d6f75736520434d53, 0xd097d0b0d0b3d180d183d0b7d0b8d182d18c204d6f75736520434d53, 0xd09ed0b1d18ad0b5d0bad1822dd181d181d18bd0bbd0bad0b020d0bdd0b020d0b8d0bdd181d182d0b0d0bbd18fd186d0b8d18e204d6f75736520434d53);
INSERT INTO `object_text` VALUES (1, 12, 0xd0a1d182d0b0d182d18cd0b8, 0xd094d0bed0bad183d0bcd0b5d0bdd182d0b0d186d0b8d18f204d6f757365, 0xd094d0bed0bad183d0bcd0b5d0bdd182d0b0d186d0b8d18f204d6f757365, 0xd0a0d0b0d0b7d0bdd0bed0bed0b1d180d0b0d0b7d0bdd18bd0b520d181d182d0b0d182d18cd0b820d0b4d0bed0bad183d0bcd0b5d0bdd182d0b0d186d0b8d0b8);
INSERT INTO `object_text` VALUES (1, 13, 0xd09dd0bed0b2d0bed181d182d0b820525353, '', '', '');
INSERT INTO `object_text` VALUES (1, 14, 0xd0a4d0bed180d183d0bc20525353, '', '', 0x52535320d0bfd0bed181d0bbd0b5d0b4d0bdd0b8d18520313520d181d0bed0bed0b1d189d0b5d0bdd0b8d0b920d184d0bed180d183d0bcd0b0);
INSERT INTO `object_text` VALUES (1, 15, 0x464151, 0x4d4f555345207c20464151, 0x4d4f555345207c20464151, 0xd0a7d0b0d181d182d0be20d0b7d0b0d0b4d0b0d0b2d0b0d0b5d0bcd18bd0b520d0b2d0bed0bfd180d0bed181d18b);
INSERT INTO `object_text` VALUES (1, 16, 0x4d6f75736520786d6c6e73, 0x4d4f555345207c20d0bfd180d0bed181d182d180d0b0d0bdd181d182d0b2d0be20d0b8d0bcd0b5d0bd, 0x4d4f555345207c20d0bfd180d0bed181d182d180d0b0d0bdd181d182d0b2d0be20d0b8d0bcd0b5d0bd, '');
INSERT INTO `object_text` VALUES (1, 19, 0x4d6f75736520786d6c, 0x4d4f555345207c20786d6c20d181d182d180d183d0bad182d183d180d0b0, 0x4d4f555345207c20786d6c20d181d182d180d183d0bad182d183d180d0b0, '');
INSERT INTO `object_text` VALUES (1, 9, 0xd090d0b4d0bcd0b8d0bd, 0xd090d0b4d0bcd0b8d0bdd0b8d181d182d180d0b8d180d0bed0b2d0b0d0bdd0b8d0b5, 0xd090d0b4d0bcd0b8d0bdd0b8d181d182d180d0b8d180d0bed0b2d0b0d0bdd0b8d0b5, 0xd090d0b4d0bcd0b8d0bdd0b8d181d182d180d0b8d180d0bed0b2d0b0d0bdd0b8d0b5);
INSERT INTO `object_text` VALUES (2, 8, 0x416a617841646d696e, 0x4d6f7573652061646d696e, 0x4d6f7573652061646d696e, 0x4d6f7573652061646d696e);
INSERT INTO `object_text` VALUES (2, 16, 0x786d6c6e73, 0x4d6f75736520786d6c6e73, 0x4d6f75736520786d6c6e73, 0x4d6f75736520786d6c6e73);
INSERT INTO `object_text` VALUES (2, 3, 0x4572726f722070616765, 0x4d6f757365206572726f72, 0x4d6f757365206572726f72, 0x4d6f757365206572726f72);
INSERT INTO `object_text` VALUES (2, 6, 0x466f72756d, 0x4d6f75736520666f72756d, 0x4d6f75736520666f72756d, '');
INSERT INTO `object_text` VALUES (2, 14, 0x466f72756d20525353, '', '', '');
INSERT INTO `object_text` VALUES (2, 4, 0x526567697374726174696f6e, '', '', '');
INSERT INTO `object_text` VALUES (2, 11, 0x446f776e6c6f6164, '', '', '');
INSERT INTO `object_text` VALUES (2, 2, 0x4d6170, '', '', '');
INSERT INTO `object_text` VALUES (2, 5, 0x476c6f62616c, '', '', '');
INSERT INTO `object_text` VALUES (2, 7, 0x4175746f646f63, '', '', '');
INSERT INTO `object_text` VALUES (2, 9, 0x41646d696e, '', '', '');
INSERT INTO `object_text` VALUES (2, 10, 0x466f726d73, '', '', '');
INSERT INTO `object_text` VALUES (2, 13, 0x4e65777320525353, '', '', '');
INSERT INTO `object_text` VALUES (2, 17, 0x41646d696e20656e746572, '', '', '');
INSERT INTO `object_text` VALUES (1, 17, 0xd0a3d0bad180d0b0d188d0b5d0bdd0b8d18f, 0xd0aed0b2d0b5d0bbd0b8d180d0bdd18bd0b520d183d0bad180d0b0d188d0b5d0bdd0b8d18f, 0xd0aed0b2d0b5d0bbd0b8d180d0bdd18bd0b520d183d0bad180d0b0d188d0b5d0bdd0b8d18f, '');
INSERT INTO `object_text` VALUES (2, 19, 0x4d6f75736520786d6c, '', '', '');

-- --------------------------------------------------------

-- 
-- Структура таблицы `object_type`
-- 

DROP TABLE IF EXISTS `object_type`;
CREATE TABLE `object_type` (
  `object_type_id` tinyint(4) NOT NULL auto_increment,
  `sort_order` tinyint(4) NOT NULL default '0',
  `is_show_on_sitemap` char(1) collate utf8_bin NOT NULL default '1',
  `is_fake` char(1) collate utf8_bin NOT NULL default '0',
  `abbr` varchar(10) collate utf8_bin NOT NULL default '',
  `name` varchar(40) collate utf8_bin NOT NULL default '',
  `constructor` varchar(40) collate utf8_bin NOT NULL default '',
  PRIMARY KEY  (`object_type_id`)
) ENGINE=MyISAM DEFAULT CHARSET=utf8 COLLATE=utf8_bin AUTO_INCREMENT=7 ;

-- 
-- Дамп данных таблицы `object_type`
-- 

INSERT INTO `object_type` VALUES (1, 0, 0x31, 0x30, 0x6e756c6c, 0xd09dd0b5d0bed0bfd180d0b5d0b4d0b5d0bbd0b5d0bdd0bdd18bd0b920d182d0b8d0bf, 0x6e756c6c);
INSERT INTO `object_type` VALUES (2, 0, 0x31, 0x30, 0x676c6f62616c, 0xd093d0bbd0bed0b1d0b0d0bbd18cd0bdd18bd0b920d0bed0b1d18ad0b5d0bad182, 0x676c6f62616c);
INSERT INTO `object_type` VALUES (3, 1, 0x31, 0x30, 0x756e69, 0xd0a3d0bdd0b8d0bad0b0d0bbd18cd0bdd18bd0b920d0bed0b1d18ad0b5d0bad182, 0x756e69);
INSERT INTO `object_type` VALUES (4, 2, 0x31, 0x30, 0x636f6e7461696e6572, 0x636f6e7461696e6572, 0x636f6e7461696e6572);
INSERT INTO `object_type` VALUES (5, 3, 0x31, 0x30, 0x61646d696e, 0xd09ed0b1d18ad0b5d0bad182d18b20d090d0b4d0bcd0b8d0bdd0b8d181d182d180d0b8d180d0bed0b2d0b0d0bdd0b8d18f, 0x73797374656d);
INSERT INTO `object_type` VALUES (6, 4, 0x31, 0x30, 0x6c697665, 0xd09ed0b1d18ad0b5d0bad182d18b20d0bed0b1d189d0b5d0b3d0be20d182d0b8d0bfd0b0, 0x6c697665);

-- --------------------------------------------------------

-- 
-- Структура таблицы `site`
-- 

DROP TABLE IF EXISTS `site`;
CREATE TABLE `site` (
  `site_id` int(11) NOT NULL auto_increment,
  `lang_id` tinyint(4) NOT NULL default '0',
  `sort_order` tinyint(4) NOT NULL default '0',
  `cache_time` int(4) NOT NULL default '0',
  `e404_object_id` int(11) NOT NULL default '0',
  `name` varchar(255) collate utf8_bin NOT NULL default '',
  `domain` varchar(255) collate utf8_bin NOT NULL default '',
  PRIMARY KEY  (`site_id`)
) ENGINE=MyISAM DEFAULT CHARSET=utf8 COLLATE=utf8_bin PACK_KEYS=0 COMMENT='RAY: Таблица сайтов' AUTO_INCREMENT=3 ;

-- 
-- Дамп данных таблицы `site`
-- 

INSERT INTO `site` VALUES (1, 1, 1, 250, 3, 0x4d6f757365, 0x7777772e6d6f7573652e7275);
INSERT INTO `site` VALUES (2, 1, 2, 350, 17, 0x4d6f7573652041646d696e, 0x61646d696e2e6d6f7573652e7275);

-- --------------------------------------------------------

-- 
-- Структура таблицы `template`
-- 

DROP TABLE IF EXISTS `template`;
CREATE TABLE `template` (
  `template_id` int(11) NOT NULL auto_increment,
  `sort_order` tinyint(4) NOT NULL default '0',
  `template_type_id` tinyint(4) NOT NULL default '0',
  `dt_update` date NOT NULL default '0000-00-00',
  `name` varchar(50) collate utf8_bin NOT NULL default '',
  `filename` varchar(100) collate utf8_bin NOT NULL default '',
  `params` varchar(100) collate utf8_bin default NULL,
  `description` varchar(255) collate utf8_bin default NULL,
  PRIMARY KEY  (`template_id`)
) ENGINE=MyISAM DEFAULT CHARSET=utf8 COLLATE=utf8_bin PACK_KEYS=0 AUTO_INCREMENT=17 ;

-- 
-- Дамп данных таблицы `template`
-- 

INSERT INTO `template` VALUES (14, 3, 0, '2006-11-15', 0x4d6f7573652065617379, 0x4d6f7573652f6d61696e5f656173792e78736c, 0x2f7468656d65732f6d6f7573652f6373732f6d6f7573652e637373, 0xd09fd180d0bed181d182d0bed0b920d0b1d0b5d0b720d188d0b0d0bfd0bad0b820d0b220d0bed0b4d0bdd18320d0bad0bed0bbd0bed0bdd0bad183);
INSERT INTO `template` VALUES (4, 4, 1, '0000-00-00', 0x4d6f757365, 0x4d6f7573652f6d61696e2e78736c, 0x2f7468656d65732f6d6f7573652f6373732f6d6f7573652e637373, 0xd0a2d0b5d0bcd0b0204d6f757365);
INSERT INTO `template` VALUES (5, 5, 1, '2006-11-15', 0x4d6f75736520616a6178, 0x4d6f7573652f656173792e78736c, 0x2f7468656d65732f6d6f7573652f6373732f6d6f7573652e637373, 0xd0a2d0b5d0bcd0b0204d6f75736520d0a3d0bfd180d0bed189d0b5d0bdd0bdd0b0d18f);
INSERT INTO `template` VALUES (15, 10, 0, '2006-12-29', 0x525353, 0x7273732e78736c, NULL, 0x52535320d0bbd0b5d0bdd182d18b);
INSERT INTO `template` VALUES (16, 4, 0, '2007-01-07', 0x5a6172656e, 0x5a6172656e2f6d61696e2e78736c, 0x2f7468656d65732f7a6172656e2f6373732f6d61696e2e637373, NULL);

-- --------------------------------------------------------

-- 
-- Структура таблицы `template_group`
-- 

DROP TABLE IF EXISTS `template_group`;
CREATE TABLE `template_group` (
  `template_group_id` int(11) NOT NULL auto_increment,
  `sort_order` tinyint(4) NOT NULL default '0',
  `directory_name` varchar(255) collate utf8_bin NOT NULL default '',
  `name` varchar(50) collate utf8_bin NOT NULL default '',
  `description` varchar(255) collate utf8_bin NOT NULL default '',
  PRIMARY KEY  (`template_group_id`)
) ENGINE=MyISAM DEFAULT CHARSET=utf8 COLLATE=utf8_bin AUTO_INCREMENT=1 ;

-- 
-- Дамп данных таблицы `template_group`
-- 

